cluster_id,loop_length,representative_sequence,n_members,cluster_flexible_fraction,cluster_binary_label,mixed_label_cluster
FBBP_CL000001,4,MGLSIVAA,1,1.0,flexible,0
FBBP_CL000002,4,NKPL,1,1.0,flexible,0
FBBP_CL000003,5,APGKE,2,1.0,flexible,0
FBBP_CL000004,5,CL,1,1.0,flexible,0
FBBP_CL000005,5,ESDGS,2,1.0,flexible,0
FBBP_CL000006,5,ESGGG,1,1.0,flexible,0
FBBP_CL000007,5,GERLR,1,1.0,flexible,0
FBBP_CL000008,5,GSKST,1,0.0,rigid,0
FBBP_CL000009,5,HALTV,1,1.0,flexible,0
FBBP_CL000010,5,IQDHQ,1,1.0,flexible,0
FBBP_CL000011,5,ITVYA,2,1.0,flexible,0
FBBP_CL000012,5,KDAPK,1,0.0,rigid,0
FBBP_CL000013,5,KGRFT,1,1.0,flexible,0
FBBP_CL000014,5,KVPHQ,1,1.0,flexible,0
FBBP_CL000015,5,KVTPT,1,0.0,rigid,0
FBBP_CL000016,5,LKPED,1,0.0,rigid,0
FBBP_CL000017,5,LLSVD,1,1.0,flexible,0
FBBP_CL000018,5,LRDKM,4,1.0,flexible,0
FBBP_CL000019,5,LRDKT,1,1.0,flexible,0
FBBP_CL000020,5,MNNLK,1,1.0,flexible,0
FBBP_CL000021,5,MNSLK,1,0.0,rigid,0
FBBP_CL000022,5,NAERQ,1,0.0,rigid,0
FBBP_CL000023,5,NQQRI,1,1.0,flexible,0
FBBP_CL000024,5,NTVYL,1,1.0,flexible,0
FBBP_CL000025,5,NWDSA,1,0.0,rigid,0
FBBP_CL000026,5,QAGGS,3,1.0,flexible,0
FBBP_CL000027,5,QPGGS,2,1.0,flexible,0
FBBP_CL000028,5,RGGNT,1,1.0,flexible,0
FBBP_CL000029,5,SETSY,1,1.0,flexible,0
FBBP_CL000030,5,SSPGT,1,1.0,flexible,0
FBBP_CL000031,5,TPTFH,1,1.0,flexible,0
FBBP_CL000032,5,TSKHA,2,1.0,flexible,0
FBBP_CL000033,5,TVSYF,1,1.0,flexible,0
FBBP_CL000034,5,VAAIH,1,1.0,flexible,0
FBBP_CL000035,5,VCTRN,1,1.0,flexible,0
FBBP_CL000036,5,VPICG,1,1.0,flexible,0
FBBP_CL000037,5,VVAHM,1,1.0,flexible,0
FBBP_CL000038,5,VVLEC,1,1.0,flexible,0
FBBP_CL000039,5,VYKDT,1,1.0,flexible,0
FBBP_CL000040,6,AKRQLV,1,0.0,rigid,0
FBBP_CL000041,6,APGKER,4,1.0,flexible,0
FBBP_CL000042,6,APGKQR,1,1.0,flexible,0
FBBP_CL000043,6,DDPEYL,1,1.0,flexible,0
FBBP_CL000044,6,DDSSGG,5,1.0,flexible,0
FBBP_CL000045,6,FQRNTM,1,0.0,rigid,0
FBBP_CL000046,6,GKEREF,1,1.0,flexible,0
FBBP_CL000047,6,GSVQAG,1,1.0,flexible,0
FBBP_CL000048,6,GWLPLG,1,1.0,flexible,0
FBBP_CL000049,6,ISVGES,1,1.0,flexible,0
FBBP_CL000050,6,KVPHQE,1,1.0,flexible,0
FBBP_CL000051,6,LCIYFS,1,1.0,flexible,0
FBBP_CL000052,6,MTRDDS,1,1.0,flexible,0
FBBP_CL000053,6,NMTFTK,1,0.0,rigid,0
FBBP_CL000054,6,PCISSA,1,1.0,flexible,0
FBBP_CL000055,6,PNPSGS,1,1.0,flexible,0
FBBP_CL000056,6,QAPGKE,1,1.0,flexible,0
FBBP_CL000057,6,QNLC,1,1.0,flexible,0
FBBP_CL000058,6,QYEDEH,1,1.0,flexible,0
FBBP_CL000059,6,REFVAT,1,0.0,rigid,0
FBBP_CL000060,6,RELVAQ,1,0.0,rigid,0
FBBP_CL000061,6,SRDNAA,1,1.0,flexible,0
FBBP_CL000062,6,SRSGSV,1,1.0,flexible,0
FBBP_CL000063,6,SSRVVR,1,1.0,flexible,0
FBBP_CL000064,6,VYFYVI,1,1.0,flexible,0
FBBP_CL000065,7,AALITYT,1,1.0,flexible,0
FBBP_CL000066,7,ADSAKGR,1,1.0,flexible,0
FBBP_CL000067,7,ADSVKGR,1,1.0,flexible,0
FBBP_CL000068,7,APAVTVD,1,0.0,rigid,0
FBBP_CL000069,7,DHWSGHQ,1,1.0,flexible,0
FBBP_CL000070,7,DPNTKKN,2,1.0,flexible,0
FBBP_CL000071,7,EGLECVP,1,1.0,flexible,0
FBBP_CL000072,7,EHWFPGT,1,1.0,flexible,0
FBBP_CL000073,7,EKVGEAI,1,1.0,flexible,0
FBBP_CL000074,7,ETRSYSF,1,1.0,flexible,0
FBBP_CL000075,7,FTKTSQK,1,0.0,rigid,0
FBBP_CL000076,7,GCADFFI,1,1.0,flexible,0
FBBP_CL000077,7,GHRSNPL,1,1.0,flexible,0
FBBP_CL000078,7,GWLPLGG,1,1.0,flexible,0
FBBP_CL000079,7,HQEENGC,4,1.0,flexible,0
FBBP_CL000080,7,INPNTAY,1,0.0,rigid,0
FBBP_CL000081,7,IQPDTAY,1,0.0,rigid,0
FBBP_CL000082,7,ITPNMTF,2,0.0,rigid,0
FBBP_CL000083,7,ITYGETG,2,1.0,flexible,0
FBBP_CL000084,7,KFYRGEA,1,1.0,flexible,0
FBBP_CL000085,7,KGGAADV,1,1.0,flexible,0
FBBP_CL000086,7,KPHQGQH,1,1.0,flexible,0
FBBP_CL000087,7,KVPHQEE,1,1.0,flexible,0
FBBP_CL000088,7,LYTSTGR,1,1.0,flexible,0
FBBP_CL000089,7,NKKFPVF,1,0.0,rigid,0
FBBP_CL000090,7,NWVPASK,1,1.0,flexible,0
FBBP_CL000091,7,PDAAFDS,1,1.0,flexible,0
FBBP_CL000092,7,RGSAQSS,1,1.0,flexible,0
FBBP_CL000093,7,RGSYQYY,1,1.0,flexible,0
FBBP_CL000094,7,SPWPGGQ,1,1.0,flexible,0
FBBP_CL000095,7,TGLKPGT,1,1.0,flexible,0
FBBP_CL000096,7,TISGLKP,1,1.0,flexible,0
FBBP_CL000097,7,TKRNWIP,1,1.0,flexible,0
FBBP_CL000098,7,VDLTTCP,1,1.0,flexible,0
FBBP_CL000099,7,VDYTITV,1,1.0,flexible,0
FBBP_CL000100,7,VVLECML,1,1.0,flexible,0
FBBP_CL000101,7,WDAPAVT,1,1.0,flexible,0
FBBP_CL000102,7,YASSVRG,1,1.0,flexible,0
FBBP_CL000103,8,AGMSSAGD,1,1.0,flexible,0
FBBP_CL000104,8,APDAAFDS,1,1.0,flexible,0
FBBP_CL000105,8,GGSEYSYSTF,1,1.0,flexible,0
FBBP_CL000106,8,GISRSGTD,1,1.0,flexible,0
FBBP_CL000107,8,HAD,1,1.0,flexible,0
FBBP_CL000108,8,HTYKNFKE,1,1.0,flexible,0
FBBP_CL000109,8,KGGQGSWP,1,1.0,flexible,0
FBBP_CL000110,8,LRLSCATS,1,1.0,flexible,0
FBBP_CL000111,8,TGRCATRE,1,1.0,flexible,0
FBBP_CL000112,8,WVAGMSSA,1,1.0,flexible,0
FBBP_CL000113,9,ACIAGERRY,1,1.0,flexible,0
FBBP_CL000114,9,AESR,1,1.0,flexible,0
FBBP_CL000115,9,DPASPAYGD,1,1.0,flexible,0
FBBP_CL000116,9,IPACIAGER,5,1.0,flexible,0
FBBP_CL000117,9,LTGLKPGTE,1,1.0,flexible,0
FBBP_CL000118,9,PACIAGERR,1,1.0,flexible,0
FBBP_CL000119,10,GQGTQVTVSA,1,1.0,flexible,0
FBBP_CL000120,10,TAAPPSHMNF,1,1.0,flexible,0
FBBP_CL000121,11,EPPYTGPCKAR,1,0.0,rigid,0
FBBP_CL000122,11,EQAETGPCRAM,1,0.0,rigid,0
FBBP_CL000123,11,LHRNPGRCYDK,1,0.0,rigid,0
FBBP_CL000124,11,LPADSGSGTKA,1,1.0,flexible,0
FBBP_CL000125,11,LPKDEGTCRDF,1,0.0,rigid,0
FBBP_CL000126,11,PKDEGTCRDFI,1,0.0,rigid,0
FBBP_CL000127,11,PYTGPCKARII,1,0.0,rigid,0
FBBP_CL000128,11,VLILTICMLAP,1,1.0,flexible,0
FBBP_CL000129,12,CEGNANNFYTWE,1,1.0,flexible,0
FBBP_CL000130,12,CQGNGNKFYSEK,1,1.0,flexible,0
FBBP_CL000131,12,CRAKRNNFKSAE,1,0.0,rigid,0
FBBP_CL000132,12,DSGSGTKAEKRI,1,1.0,flexible,0
FBBP_CL000133,12,EREFVAAISWSG,1,0.0,rigid,0
FBBP_CL000134,12,GCGGNENKFGSQ,1,1.0,flexible,0
FBBP_CL000135,12,GGCGGNENKFGS,1,1.0,flexible,0
FBBP_CL000136,12,GGCGGNRNNFDT,1,1.0,flexible,0
FBBP_CL000137,12,GNANNFYTWEAC,1,1.0,flexible,0
FBBP_CL000138,12,KGCGGNDNNFDR,1,1.0,flexible,0
FBBP_CL000139,12,NKKENALLEFVR,1,1.0,flexible,0
FBBP_CL000140,12,PASSKPISINYR,1,1.0,flexible,0
FBBP_CL000141,12,SGCGGNSNRFKT,1,1.0,flexible,0
FBBP_CL000142,12,SYAYEYYWGPSP,1,1.0,flexible,0
FBBP_CL000143,12,TGQGGNENNFRR,1,1.0,flexible,0
FBBP_CL000144,14,GPQCPRLTWSLGLP,1,1.0,flexible,0
FBBP_CL000145,15,ETCTLGTCYTAGCSC,1,1.0,flexible,0
FBBP_CL000146,15,GIPVCGETCTLGTCY,1,1.0,flexible,0
FBBP_CL000147,15,TITVYAYYSYYDLYY,1,1.0,flexible,0
FBBP_CL000148,16,TVYASSFDWTIFPNYY,1,0.0,rigid,0
FBBP_CL000149,17,VAGTNYRLTLKVAESTC,1,1.0,flexible,0
FBBP_CL000150,24,VVYTDCTESGQNLC,1,1.0,flexible,0
