protein_row_id,structure_unique_sequence_id,overall_final_judgement,overall_confidence_score_0_100,overall_confidence_level
7,SEQ_C5CFAC53E1E1,High,91.88,High
8,SEQ_C6743B5DF681,Low,53.12,Low
13,SEQ_F451416DF69F,Low,68.12,Medium
14,SEQ_BAD446B45BBF,Medium,73.62,Medium
15,SEQ_F48FFA923D13,Low,41.75,Low
16,SEQ_91F8E729FAD8,Low,53.75,Low
17,SEQ_2D732694341A,Low,51.88,Low
18,SEQ_3396FD3CDC12,Medium,82.75,High
19,SEQ_BFA7C71A3038,Low,50.0,Low
20,SEQ_8D33CAD6A518,Low,66.0,Medium
21,SEQ_5BA4BA9AC119,Medium,83.12,High
22,SEQ_2F80E7E35E67,Low,69.5,Medium
23,SEQ_106AEB902735,Medium,78.0,Medium
25,SEQ_A43C840E3CE9,Low,67.38,Medium
26,SEQ_3F76778C90DE,High,89.12,High
27,SEQ_9A8534BCF2D3,Low,72.38,Medium
28,SEQ_61624A109773,Low,73.25,Medium
30,SEQ_D8540B103774,Low,70.25,Medium
32,SEQ_511ADDD935FC,Low,65.5,Medium
33,SEQ_7A8E8DE0DA68,Low,74.62,Medium
34,SEQ_73A7CFDF5D70,Low,40.5,Low
35,SEQ_9B361E35BEAA,Medium,77.38,Medium
36,SEQ_36F7C4C45265,High,97.5,High
38,SEQ_436111C795BC,Low,49.38,Low
39,SEQ_8B89389E2AF1,Low,53.75,Low
41,SEQ_6610DD59B18B,Low,65.0,Medium
42,SEQ_1D1EBCBDE4B7,Low,57.5,Low
43,SEQ_933FD01A8873,Low,64.5,Medium
44,SEQ_7365FCEB55B0,High,100.0,High
45,SEQ_C75BBBBCCFCC,Medium,85.5,High
46,SEQ_A03B5F987EAF,High,91.88,High
47,SEQ_15BAF787CC9B,High,97.5,High
48,SEQ_1927D5670A85,High,97.5,High
49,SEQ_D98E6C6DD7C4,High,97.5,High
51,SEQ_933D60060365,High,91.38,High
52,SEQ_8A54730D2790,Low,54.62,Low
54,SEQ_7F8DF41047F3,Low,49.5,Low
55,SEQ_29E215C98F08,Low,48.75,Low
56,SEQ_5BF65E9A402F,Low,48.12,Low
57,SEQ_8AC3A24C5F40,Low,48.12,Low
58,SEQ_6C3FAB49E6B7,Low,68.0,Medium
59,SEQ_8964A1584BCB,Medium,80.5,High
61,SEQ_D70C587A68A7,High,91.88,High
62,SEQ_1F68BF7AB035,High,91.88,High
63,SEQ_A287FD1D544D,Medium,79.25,Medium
64,SEQ_96049DD523A6,Low,68.25,Medium
65,SEQ_6A4842FF9F08,Low,49.38,Low
66,SEQ_179E93B2447B,Low,62.62,Medium
67,SEQ_BC873C27CAD8,Low,60.88,Medium
68,SEQ_166A0BDB74D3,Low,73.0,Medium
69,SEQ_83102DDE915E,Low,66.25,Medium
72,SEQ_114EBD6F4E53,High,91.88,High
73,SEQ_7E02C8407329,High,91.88,High
74,SEQ_0D1ADFCB7D8F,High,91.88,High
76,SEQ_83445B4F74AB,Medium,71.25,Medium
77,SEQ_533D1CE60FB9,Medium,78.5,Medium
78,SEQ_8FC3ECF6130A,Medium,78.5,Medium
79,SEQ_B1599713AE24,Medium,80.5,High
80,SEQ_6A43FD5EA9DC,High,94.75,High
81,SEQ_6BE0EFC66E2B,Low,35.0,Low
82,SEQ_AAEDAA0FEEDB,Medium,74.25,Medium
84,SEQ_AF30ABE91422,High,97.5,High
85,SEQ_60892EF90140,Medium,91.88,High
87,SEQ_34669548F14A,Medium,75.5,Medium
88,SEQ_7177C9A563D3,Medium,80.62,High
89,SEQ_BBC5CC71FA91,Medium,76.12,Medium
90,SEQ_B78F75B84A68,Low,69.5,Medium
93,SEQ_9033148A984A,Low,78.88,Medium
94,SEQ_0FE34D351A8A,Low,60.75,Medium
95,SEQ_9D030F6E19A4,Low,73.0,Medium
96,SEQ_68A6E3BEB1DB,Low,54.38,Low
97,SEQ_E7EE2D96D382,Low,71.88,Medium
98,SEQ_A7F6DEA711DD,Low,65.88,Medium
99,SEQ_A25A44A56E98,Medium,81.88,High
101,SEQ_3F4ACE0F456C,Low,76.12,Medium
102,SEQ_759B1A27D9B4,Low,76.12,Medium
103,SEQ_747905F623EC,Low,60.62,Medium
104,SEQ_3CFE05BB5FF8,Low,76.12,Medium
105,SEQ_0E08A687B153,Medium,77.0,Medium
106,SEQ_E5EC5B09A0A7,Low,57.75,Low
107,SEQ_E6E91B3D4EB3,Low,75.75,Medium
108,SEQ_A36B28EA26ED,Low,63.12,Medium
110,SEQ_1B1C229C5ADB,Low,69.25,Medium
111,SEQ_0B459F735DF8,Low,58.12,Low
113,SEQ_D7286932E259,Low,68.0,Medium
114,SEQ_EB5BD689BCD3,Low,47.25,Low
115,SEQ_4BF5E4B9B81A,Low,54.0,Low
119,SEQ_58E75048154A,Medium,88.75,High
120,SEQ_8F5AEC8D068F,Low,77.12,Medium
121,SEQ_DC00107813C1,Medium,84.38,High
122,SEQ_204A89E34375,Medium,84.38,High
123,SEQ_1345A1C26971,Low,79.0,Medium
124,SEQ_89C3799A7F95,Medium,84.38,High
125,SEQ_2FF73853C06D,Low,78.25,Medium
126,SEQ_E7C76458FBAF,High,89.38,High
127,SEQ_42109FB413EE,Low,54.88,Low
128,SEQ_EACADB92942A,High,86.12,High
129,SEQ_691D75937138,Low,61.88,Medium
130,SEQ_1A03EA634539,Low,65.0,Medium
131,SEQ_58398C995B53,Low,68.75,Medium
132,SEQ_40765E68011F,Low,57.12,Low
133,SEQ_0869B8E70D85,Low,58.62,Low
134,SEQ_AAE72F391F1F,Medium,74.38,Medium
135,SEQ_76B09DFD5E83,Low,47.25,Low
136,SEQ_30020DB18548,Low,44.38,Low
137,SEQ_7F185044DBF6,Low,47.5,Low
138,SEQ_406A0D9B635F,Low,47.5,Low
139,SEQ_95CAD16A75C5,Low,47.5,Low
140,SEQ_50D805A37F3A,Low,58.12,Low
141,SEQ_459D9E5EC1A1,Low,55.62,Low
142,SEQ_C21733F7B9F8,Low,39.88,Low
143,SEQ_1B95FF825216,Low,39.88,Low
144,SEQ_249F87633CE4,Low,61.25,Medium
146,SEQ_E6EC5F9661A0,Low,52.0,Low
147,SEQ_6C7F2A15A305,Low,38.0,Low
148,SEQ_2B9402D99210,Low,51.88,Low
149,SEQ_E49B6E3AB245,Low,53.38,Low
150,SEQ_322A70F6861B,Medium,75.75,Medium
151,SEQ_09C0D748E01C,Low,50.38,Low
152,SEQ_6CC365DA7BAD,Low,52.25,Low
154,SEQ_3ACC7C7C546C,Medium,86.5,High
155,SEQ_B4DF3D1780AE,Low,64.62,Medium
156,SEQ_935069375D36,Low,64.62,Medium
157,SEQ_F57CD1C8931E,Medium,80.62,High
158,SEQ_D57ECD3F9752,Low,75.88,Medium
159,SEQ_BC80A23CA0CE,Medium,80.38,High
160,SEQ_13F806737871,Low,73.38,Medium
161,SEQ_F7A0E98B82A1,Low,73.38,Medium
162,SEQ_5D73FCF6A7E9,Low,75.25,Medium
163,SEQ_3FA9D2DA072A,Medium,76.88,Medium
165,SEQ_D3552FA1B285,Medium,77.38,Medium
169,SEQ_8C79DE346C2A,Low,50.5,Low
170,SEQ_7E4F2FFC3DE2,Medium,81.75,High
171,SEQ_F2D673CE647E,Medium,73.25,Medium
172,SEQ_8E067D0580FD,Low,55.62,Low
173,SEQ_F0EEBDB0EE90,Low,60.0,Medium
174,SEQ_D1CE361C5FB7,Low,54.75,Low
175,SEQ_B5E0F5F88047,Low,54.62,Low
176,SEQ_DB9B0287AF70,Low,54.62,Low
177,SEQ_22F9ADACD27E,Low,36.88,Low
178,SEQ_8A6E06C54895,Medium,85.0,High
179,SEQ_3371734A63D5,Low,39.38,Low
180,SEQ_095AF8D89F2F,Low,46.75,Low
182,SEQ_D3EB9DBFF112,Medium,80.5,High
183,SEQ_8D785B1C8F1B,Medium,73.38,Medium
184,SEQ_74E901BF18D9,Low,73.38,Medium
185,SEQ_AA285EA55B48,Low,61.25,Medium
186,SEQ_731BBF82664F,Medium,78.0,Medium
187,SEQ_090E8EBF5A31,Low,73.38,Medium
188,SEQ_C09242DD916F,Low,61.88,Medium
189,SEQ_ACFCA5566055,High,95.0,High
190,SEQ_4B2B95A3BC94,Low,72.38,Medium
191,SEQ_F77775A3F819,High,86.88,High
192,SEQ_76418B7EE719,Low,71.88,Medium
193,SEQ_6192EDA9C35B,Low,40.5,Low
194,SEQ_1DC7D1A3B3C1,Low,48.75,Low
195,SEQ_99242D1EA66E,Low,45.0,Low
196,SEQ_20B2B3FA19E6,Medium,75.38,Medium
197,SEQ_8AC7BEA8C12F,Medium,75.38,Medium
199,SEQ_7FF8A21A22A4,High,89.25,High
200,SEQ_796B1D1C8681,High,91.5,High
201,SEQ_EEDB4D5DD8AB,Medium,78.0,Medium
202,SEQ_2B627ED59C5B,Low,73.38,Medium
203,SEQ_0BE9D42231D3,Low,63.38,Medium
204,SEQ_C5B162431E78,Low,69.88,Medium
205,SEQ_6131D5E85EA3,Medium,75.5,Medium
206,SEQ_449FDDD313B8,Medium,73.0,Medium
207,SEQ_72E6E03F2084,Medium,75.0,Medium
209,SEQ_BE3D26B5FC87,Medium,76.12,Medium
210,SEQ_C5F2B6A6D757,Low,64.62,Medium
211,SEQ_5879EB2E842B,Medium,73.0,Medium
212,SEQ_6F82EBA7A8A4,Low,72.62,Medium
213,SEQ_CEEF9FC0B070,Medium,76.12,Medium
214,SEQ_A0D24ADED30B,Low,66.88,Medium
215,SEQ_5796AD1741A1,Medium,76.25,Medium
216,SEQ_901FD8A97F49,Medium,73.12,Medium
218,SEQ_DE81FB8FA1ED,Low,60.25,Medium
219,SEQ_96A33ACF9385,Low,60.25,Medium
220,SEQ_94EC9B34D91C,Medium,75.75,Medium
221,SEQ_69ADA7593BD7,Low,34.75,Low
222,SEQ_BBFDA5A89A5B,Low,68.25,Medium
223,SEQ_304E9EC353D1,Low,73.0,Medium
224,SEQ_2F97C0BDC032,Low,60.25,Medium
226,SEQ_2E59D42920C0,High,94.38,High
227,SEQ_783878824313,High,96.88,High
228,SEQ_7C462E25F1CF,High,89.38,High
229,SEQ_4752D1E63B20,Low,61.88,Medium
230,SEQ_9779986ACEEC,High,93.75,High
231,SEQ_9E1B9C7EC560,Low,70.5,Medium
232,SEQ_9898A9A6A5F0,Low,61.88,Medium
233,SEQ_0551C7B0C5FA,Low,49.62,Low
234,SEQ_BF8AA209B521,Low,51.88,Low
235,SEQ_501339B4FCE0,Low,46.12,Low
236,SEQ_56087505117A,Low,45.88,Low
237,SEQ_10BCEA57E5EB,Low,52.62,Low
238,SEQ_A40588336D1A,Low,51.5,Low
239,SEQ_D15E9F5CDE93,Low,66.0,Medium
240,SEQ_65956DD32B4A,Low,54.38,Low
241,SEQ_81DA82FC492D,Low,69.5,Medium
242,SEQ_18C9D88F2AB1,Low,67.88,Medium
243,SEQ_1064F1BBADE0,Low,53.25,Low
244,SEQ_166A56DE5414,Medium,82.88,High
245,SEQ_B7D3E46D9C74,Medium,82.88,High
246,SEQ_42990AF03AF9,High,93.88,High
247,SEQ_176CE87658CF,High,93.88,High
248,SEQ_094BD7A8E797,High,93.88,High
249,SEQ_D6609B6A249C,High,90.88,High
253,SEQ_ED27B2EE2F92,High,93.88,High
254,SEQ_246029983F7E,High,93.88,High
256,SEQ_CEC0F17907BA,Low,58.75,Low
257,SEQ_4A00841C32A9,Low,81.75,High
258,SEQ_21EAC8733D7C,Low,59.38,Low
264,SEQ_DBE40AA18DD7,Low,59.38,Low
265,SEQ_529526FB1902,Low,65.0,Medium
266,SEQ_31B0DC92D92B,High,91.75,High
267,SEQ_DA797457E404,Medium,79.38,Medium
270,SEQ_8D6CF17897ED,Low,47.12,Low
273,SEQ_83837E0EAC5E,Medium,86.88,High
274,SEQ_8F641CB40B93,High,92.75,High
276,SEQ_4548663D50C8,Low,46.25,Low
277,SEQ_63BAFD4997B6,Low,59.38,Low
278,SEQ_99B535682833,Low,53.75,Low
280,SEQ_4B6E5D41BC4B,Medium,78.5,Medium
281,SEQ_877807C996E2,High,97.5,High
282,SEQ_B33F44384B9F,Medium,85.75,High
283,SEQ_858F3CAEFDC7,High,91.25,High
284,SEQ_E0FBD4935300,High,95.25,High
285,SEQ_DDEBD40D833E,High,95.25,High
286,SEQ_A372B93D916B,High,88.25,High
287,SEQ_634DA21BBD7E,High,82.62,High
288,SEQ_06E4AC2B8DAA,High,82.62,High
289,SEQ_CD6470B1AB51,High,82.62,High
290,SEQ_A0DD32C51D8B,High,82.62,High
291,SEQ_27CD91EBC04D,High,97.5,High
293,SEQ_CE3E634F5DAD,High,91.88,High
294,SEQ_48BFB75AA0A7,High,91.88,High
295,SEQ_6B6871EF4D15,Medium,80.5,High
297,SEQ_11D89D0E1E25,Medium,75.0,Medium
299,SEQ_46F5F3DAD2A6,High,98.0,High
300,SEQ_E149625B82FE,High,94.25,High
301,SEQ_B9A4884FB1B3,High,87.62,High
302,SEQ_05F51BAB9A7D,High,87.62,High
303,SEQ_C5B8DC8C7CB6,High,86.25,High
304,SEQ_90CECD3A4B2F,Low,62.62,Medium
305,SEQ_EE38C4E62CD0,Low,41.88,Low
306,SEQ_B36CD74AA4D8,Low,56.88,Low
307,SEQ_A1015F7AA066,Low,56.88,Low
308,SEQ_97CE606D00A3,Low,59.62,Low
309,SEQ_C023E37D61D5,Low,45.62,Low
310,SEQ_506D4890B71C,Low,47.5,Low
311,SEQ_B062878C03F9,Low,58.75,Low
312,SEQ_AD8E250440A0,Low,72.38,Medium
313,SEQ_B08301AC4ABD,Low,67.38,Medium
314,SEQ_927E766F7C7A,Low,53.75,Low
315,SEQ_AADC6485B6D0,Low,49.38,Low
316,SEQ_18F971D35104,Low,63.88,Medium
317,SEQ_7EA2BB1E8DD8,Low,63.25,Medium
318,SEQ_49A19427092B,Low,61.5,Medium
319,SEQ_F2180E6A83F4,Low,61.5,Medium
320,SEQ_739E9342BE73,Medium,75.5,Medium
321,SEQ_65BE5B6425D8,Low,74.88,Medium
322,SEQ_6CA75DDF2797,Medium,84.25,High
323,SEQ_ED98C412D9D0,Low,57.0,Low
325,SEQ_9D87764F7CD2,Medium,82.5,High
326,SEQ_34F779EE0DCE,Low,69.12,Medium
327,SEQ_65239EB2CD2B,Medium,78.12,Medium
328,SEQ_E6C7C90AE86C,Low,67.38,Medium
329,SEQ_A7D1E7F71A02,Medium,86.5,High
330,SEQ_F82E6B99CCFE,High,97.5,High
333,SEQ_8AD8B1FEC9A8,Low,66.88,Medium
334,SEQ_CAA7AC829967,High,89.0,High
338,SEQ_5503C2E92DA3,Low,52.5,Low
339,SEQ_05E7F98DA59B,Low,68.25,Medium
340,SEQ_410802E5D042,Medium,73.88,Medium
341,SEQ_952A85849468,Low,69.5,Medium
342,SEQ_70EA66936376,Low,60.0,Medium
343,SEQ_F8750FC24C32,Low,63.75,Medium
344,SEQ_CDCD43A26CC5,Low,65.38,Medium
345,SEQ_F8A89D880E4C,Low,64.12,Medium
346,SEQ_EF7F12511F8D,Low,65.25,Medium
347,SEQ_987363D13FF3,Low,65.38,Medium
348,SEQ_F1D70791CA36,Low,75.75,Medium
349,SEQ_803DAC949A88,Medium,65.12,Medium
350,SEQ_0C03D16A0230,Low,70.38,Medium
351,SEQ_FAF393055710,Low,67.75,Medium
352,SEQ_1D4B5AA4428A,Low,70.25,Medium
353,SEQ_E0F64C51C075,Medium,79.0,Medium
354,SEQ_29D39A81CC80,Medium,85.5,High
355,SEQ_50E2E3433288,Low,77.0,Medium
356,SEQ_A39DE300DFFB,Low,65.0,Medium
357,SEQ_4859D163E586,Low,63.12,Medium
359,SEQ_58C03E198240,Low,56.38,Low
360,SEQ_BEFE1CB278E6,Low,57.12,Low
361,SEQ_335EAE3883BB,Low,59.5,Low
362,SEQ_867E69F3F823,Low,60.88,Medium
363,SEQ_A6D0ABDC18B2,Low,58.12,Low
364,SEQ_44667868241D,Low,50.75,Low
365,SEQ_30F0ABEF31A1,Low,64.5,Medium
366,SEQ_3E612659B806,Low,58.75,Low
367,SEQ_A77B12FAFF00,Low,61.88,Medium
368,SEQ_CD74A807A8D1,Low,56.88,Low
370,SEQ_BDFF4A9DE2B6,Low,56.25,Low
371,SEQ_824EBC716FEA,Low,59.0,Low
372,SEQ_B9FEA70BF2D6,Medium,87.25,High
373,SEQ_B5193CD8BD26,Medium,77.62,Medium
374,SEQ_E880A6F1888F,Low,61.25,Medium
375,SEQ_42F9B0D81AAF,Low,60.0,Medium
376,SEQ_68C3ADB61FB6,Low,70.25,Medium
377,SEQ_2D2E497A2B31,Low,72.12,Medium
379,SEQ_724AE2C808B5,Low,55.25,Low
380,SEQ_8DA515E0F75D,Low,73.0,Medium
381,SEQ_9BD6E2E1595B,Low,55.62,Low
382,SEQ_724C505A6185,Low,58.12,Low
383,SEQ_9472A5740DA9,Low,74.88,Medium
384,SEQ_183606C252A2,Medium,77.0,Medium
385,SEQ_B0738D7A6001,Low,71.12,Medium
386,SEQ_0EB1A934B018,Low,71.25,Medium
387,SEQ_D3CF5538247C,Low,71.12,Medium
388,SEQ_E1B006DCEDEB,Low,77.5,Medium
389,SEQ_D2483AC96D67,Low,64.38,Medium
390,SEQ_AD11379F0B08,Low,74.88,Medium
391,SEQ_F8B997014C1E,Low,61.5,Medium
392,SEQ_DFAA362614C4,Medium,68.12,Medium
395,SEQ_4C9AD830844C,Medium,71.88,Medium
397,SEQ_EB78B2647126,Medium,78.5,Medium
399,SEQ_6BD04A230927,High,93.88,High
400,SEQ_74AF9778CC4A,Medium,88.12,High
401,SEQ_3FF4466A6535,Medium,89.62,High
402,SEQ_47E2A19B7FB6,High,93.88,High
403,SEQ_7AA7003B8DE9,High,93.75,High
404,SEQ_A965E8E3D573,High,86.25,High
405,SEQ_52A18013B3AF,High,95.0,High
406,SEQ_7E99E24925D2,Medium,81.25,High
407,SEQ_646715CCF02E,High,91.25,High
408,SEQ_30363602D724,High,93.88,High
409,SEQ_7D4C4F21A70E,High,95.0,High
410,SEQ_292BE916DA33,High,95.0,High
411,SEQ_9F16F2F47FD7,High,95.0,High
412,SEQ_2EE1BC9CF29B,High,86.75,High
413,SEQ_F9A4E9925C02,Medium,83.12,High
414,SEQ_ABEB7302478C,High,88.75,High
415,SEQ_D56BECAA7D2D,High,97.5,High
416,SEQ_A4CBF72C5FAF,High,94.38,High
417,SEQ_D3ACC139F142,Medium,86.38,High
419,SEQ_6BA86B755318,Medium,86.75,High
420,SEQ_EF1FB223E20F,High,89.38,High
422,SEQ_BEE532799C8F,Medium,75.38,Medium
423,SEQ_5F7AB791771F,Medium,77.38,Medium
424,SEQ_16DA547654AD,High,95.0,High
425,SEQ_3ADFA96EB31F,Low,49.12,Low
426,SEQ_8C6371B5BE71,Low,43.75,Low
427,SEQ_DA409A8F3A96,Low,73.0,Medium
428,SEQ_3B3B6CECFCB4,High,91.38,High
429,SEQ_B10A475713FF,High,91.75,High
430,SEQ_A2FD89A945DF,High,97.5,High
431,SEQ_010B7C94EB1A,High,95.0,High
432,SEQ_34FCDF4094F9,Low,62.5,Medium
433,SEQ_1D1AC0020277,Low,41.88,Low
434,SEQ_E96B1CA674B0,High,93.25,High
440,SEQ_B8CF3A66802B,Low,77.38,Medium
441,SEQ_E87A6010379C,Medium,76.38,Medium
442,SEQ_C3E65C956950,Medium,73.0,Medium
443,SEQ_A91614A6B223,Low,51.88,Low
444,SEQ_2BA2EFE11032,Low,39.0,Low
445,SEQ_080B217BE600,Low,47.62,Low
446,SEQ_410B6D2AFC86,Medium,70.25,Medium
447,SEQ_7A111C1CCAB5,Low,55.38,Low
448,SEQ_E2112400888A,Low,50.5,Low
459,SEQ_81515E7778E7,Low,51.88,Low
462,SEQ_40FEEBEA2414,Low,50.88,Low
464,SEQ_3576BDFA176E,Medium,76.12,Medium
465,SEQ_F78D42B42D95,Low,61.25,Medium
467,SEQ_C35861749DC8,Low,58.38,Low
468,SEQ_7E8A4EEF51D2,Low,59.62,Low
469,SEQ_1AF93AA3C636,Low,57.62,Low
470,SEQ_CAE1FE538364,Medium,71.88,Medium
471,SEQ_C90E14056857,Medium,70.0,Medium
472,SEQ_6E40CFA19F99,Medium,71.88,Medium
473,SEQ_DE5A44671AB6,Low,60.25,Medium
474,SEQ_C634CE81AEBD,Low,68.75,Medium
476,SEQ_54FBD3C2BDAA,Low,45.62,Low
477,SEQ_67003E0E0E5E,Low,51.0,Low
480,SEQ_3748A8E8B7D0,Medium,75.5,Medium
481,SEQ_D053FF491458,Low,60.12,Medium
482,SEQ_60C6CE683DAD,Low,52.5,Low
500,SEQ_419EBE3CE5AE,Low,47.62,Low
501,SEQ_A4D4621E5EBD,Low,47.25,Low
502,SEQ_712B138118C1,Low,53.25,Low
503,SEQ_92DFDD8257AC,Low,51.0,Low
505,SEQ_7BBD157A4B78,Low,51.0,Low
506,SEQ_8D5A2505BCB6,Low,49.12,Low
507,SEQ_E20F90D2887F,Low,49.12,Low
508,SEQ_8FEC780EC11B,Low,49.12,Low
509,SEQ_3A90E79CA92E,Low,53.25,Low
510,SEQ_312FE63D2D1B,Low,54.38,Low
512,SEQ_0A4C346BCB08,Low,48.12,Low
513,SEQ_DDCFCF96F97C,Low,44.38,Low
514,SEQ_9C27F45246FC,Low,44.38,Low
515,SEQ_9D25061885B0,Low,44.38,Low
516,SEQ_8BC0FD64C2C4,Low,63.75,Medium
518,SEQ_B119E7FC52EB,Low,63.75,Medium
519,SEQ_63658A06AA2E,Medium,61.25,Medium
521,SEQ_C61DD569BF45,Low,70.5,Medium
523,SEQ_A700A1CB724C,Low,53.12,Low
526,SEQ_CBE111D988D8,Low,64.38,Medium
527,SEQ_63801C57AF6F,Low,56.5,Low
528,SEQ_36C4B3931420,Low,56.5,Low
529,SEQ_922F8BB3E0EA,Low,56.5,Low
532,SEQ_34E1B0363623,Medium,68.38,Medium
533,SEQ_87CCE9BBB103,Medium,65.88,Medium
534,SEQ_52A823D3828F,Medium,68.38,Medium
535,SEQ_C468263F8BAF,Medium,68.38,Medium
536,SEQ_688BDC5BD65E,Low,65.88,Medium
538,SEQ_42132F8E2E6A,Low,63.0,Medium
540,SEQ_AD687321CF4C,Low,61.25,Medium
541,SEQ_2C8905359E3B,Low,45.38,Low
542,SEQ_9637B8642093,Low,45.38,Low
545,SEQ_C0F1D17D3E78,Low,66.88,Medium
546,SEQ_4C4A833BC4FA,Low,68.25,Medium
547,SEQ_45C91BE483CD,Low,68.25,Medium
548,SEQ_5044768A906B,Low,65.75,Medium
549,SEQ_DCF5962650D7,Low,65.75,Medium
550,SEQ_13BEF5431854,Low,65.75,Medium
551,SEQ_BBF893294599,Low,65.75,Medium
552,SEQ_6DD26A3FD889,Low,65.75,Medium
553,SEQ_8D02A22E1C2A,Low,68.25,Medium
554,SEQ_0F00F2E6B1DF,Low,65.75,Medium
555,SEQ_AD422C5621F6,Low,65.75,Medium
556,SEQ_D0D73EE56026,Low,65.75,Medium
557,SEQ_D35B87C7EACE,Low,65.75,Medium
558,SEQ_47ED6C89D96C,Low,68.25,Medium
559,SEQ_D8C9DDA12A7E,Low,65.75,Medium
560,SEQ_69ED09FE0FF3,Low,68.25,Medium
561,SEQ_4721660F144B,Low,68.25,Medium
562,SEQ_94C36847C615,Low,68.25,Medium
563,SEQ_402F96509C3E,Low,73.0,Medium
564,SEQ_BD5EC1CC1ECF,Low,49.62,Low
565,SEQ_1AC2A9E44ED9,Low,41.38,Low
566,SEQ_879ED9668089,Low,42.5,Low
567,SEQ_F82031001B34,Low,41.38,Low
570,SEQ_6CE9AEC60B3C,Low,53.75,Low
571,SEQ_554EBB4EFF5C,Low,51.88,Low
575,SEQ_F35A210FED7D,Low,66.88,Medium
576,SEQ_D7807A76AB83,Low,47.5,Low
579,SEQ_89376FBBE558,High,89.88,High
580,SEQ_474452DE8426,High,94.38,High
583,SEQ_432D20D1BE90,Medium,66.0,Medium
584,SEQ_15402ED473B5,Low,60.25,Medium
585,SEQ_5BD2799983BD,Low,58.75,Low
589,SEQ_507EDB86E264,Low,76.62,Medium
591,SEQ_C57468BBC8AA,Low,47.5,Low
592,SEQ_42FC485E0EA3,Low,47.5,Low
593,SEQ_1107E8D5D567,Medium,75.5,Medium
594,SEQ_B5C2CDB4940E,Low,64.38,Medium
595,SEQ_C2A143529910,Low,56.88,Low
596,SEQ_7642DC1EBB25,Medium,74.38,Medium
597,SEQ_C352BBA4AB13,Low,78.62,Medium
599,SEQ_226E54CF054A,High,97.75,High
600,SEQ_109932BC056F,Low,54.0,Low
601,SEQ_1714AE38107E,Medium,86.5,High
602,SEQ_C414E4889496,Low,61.5,Medium
603,SEQ_9DDDDC3033C7,Medium,77.12,Medium
604,SEQ_A7A976AFF853,Low,61.5,Medium
605,SEQ_96484434E511,High,80.5,High
606,SEQ_E067F9D14B76,Medium,67.5,Medium
607,SEQ_7A12F881ABF8,Medium,72.5,Medium
608,SEQ_848FAE16E456,Low,57.62,Low
610,SEQ_18016E6051D0,Low,63.38,Medium
611,SEQ_12220C61AAC9,Medium,71.5,Medium
612,SEQ_53264A9E5168,Low,43.62,Low
613,SEQ_8EA9C12C81AD,Low,41.75,Low
617,SEQ_82C8C3168875,Medium,79.5,Medium
618,SEQ_E96CEA854DAF,Low,46.12,Low
621,SEQ_3F55D42EFA01,Medium,72.88,Medium
622,SEQ_C84B31AAB96B,Medium,83.75,High
623,SEQ_EFC68B9F6B97,Low,70.25,Medium
624,SEQ_8E2BD9DCA260,Low,72.5,Medium
625,SEQ_1B939801B0DF,High,85.12,High
626,SEQ_E9236DACA490,Medium,73.88,Medium
627,SEQ_393EA4DFCAE3,Medium,77.38,Medium
628,SEQ_F56A19219226,Medium,77.38,Medium
630,SEQ_90D1C4AED090,Medium,67.5,Medium
631,SEQ_5B0D4CF40940,Medium,77.0,Medium
632,SEQ_6CB265A85862,Low,48.12,Low
633,SEQ_B89573A84BAC,Low,48.12,Low
634,SEQ_3FC6EA3C2183,High,86.88,High
635,SEQ_357DAD8A9EC9,High,86.88,High
636,SEQ_B745453A36B4,High,90.62,High
637,SEQ_B4ADE3B76FFC,Medium,73.62,Medium
638,SEQ_EF8CFABC8076,Medium,75.5,Medium
640,SEQ_04BB8D94C64E,Low,67.88,Medium
641,SEQ_56031A8A6037,Low,67.88,Medium
642,SEQ_1DB23A26227E,Low,68.38,Medium
644,SEQ_B3174F4E1E02,Medium,77.25,Medium
646,SEQ_99D7A9F65472,Low,66.38,Medium
647,SEQ_BEFA3AF12B96,Low,66.38,Medium
648,SEQ_4A14002074AD,Low,68.38,Medium
649,SEQ_FA7B4A6C4C9C,Medium,83.75,High
650,SEQ_B1629850F7DE,Medium,77.38,Medium
651,SEQ_0EDD325C2E27,Low,66.38,Medium
652,SEQ_32F0A594876A,Low,65.0,Medium
653,SEQ_160B3E2C2E5C,Low,63.12,Medium
655,SEQ_F1C7407144DD,Low,58.25,Low
657,SEQ_83105E341C5B,Low,57.5,Low
658,SEQ_0DEE059613E7,Low,64.5,Medium
659,SEQ_CE44EFF47729,Low,58.12,Low
660,SEQ_A47DBBADED79,Low,58.12,Low
661,SEQ_88D64DE2D577,Low,62.5,Medium
662,SEQ_BF0425006FF0,Medium,77.25,Medium
663,SEQ_4D3C9BB68FEF,Low,69.5,Medium
664,SEQ_C13C147C45F2,Low,64.0,Medium
665,SEQ_D91C51899CF8,Low,70.0,Medium
666,SEQ_B94EFF38D023,Medium,82.0,High
667,SEQ_74B149224CF8,Low,59.38,Low
668,SEQ_01D07BF52657,Low,49.38,Low
669,SEQ_D1392840BE11,Low,44.88,Low
670,SEQ_3F3FC86BDA22,Low,53.12,Low
671,SEQ_96D896023BA5,Medium,74.88,Medium
672,SEQ_6D408D676478,Medium,66.5,Medium
674,SEQ_20F75E489B9D,Low,53.25,Low
677,SEQ_B52F45B06D64,Low,58.62,Low
678,SEQ_ADBBDF6D94FD,Low,58.62,Low
679,SEQ_9D8B663D935A,Low,39.88,Low
680,SEQ_FBA2674971D0,Low,53.12,Low
682,SEQ_A3A2B01515A1,Low,56.25,Low
683,SEQ_F51C1F9E7AA1,Low,64.62,Medium
684,SEQ_4C833575B6E3,Medium,75.0,Medium
685,SEQ_D769EC4004EC,Medium,75.0,Medium
686,SEQ_C254FD684E49,Low,70.12,Medium
687,SEQ_A302C9EFAE01,Low,70.12,Medium
688,SEQ_240717E245BB,Low,39.88,Low
689,SEQ_01D36627C958,Low,58.12,Low
691,SEQ_CD0309F2B2E9,Low,55.62,Low
692,SEQ_A6122E2D0128,Low,62.5,Medium
694,SEQ_0843E69AC193,Low,53.25,Low
696,SEQ_3B3F46A0FBF2,Low,55.75,Low
700,SEQ_89A1CC96090D,Low,55.62,Low
701,SEQ_EBAD19AA9AB6,Low,40.5,Low
702,SEQ_9CEE63A14720,Low,40.5,Low
705,SEQ_7839AEF300F8,Low,54.5,Low
706,SEQ_0D790A35FFE4,Low,56.5,Low
710,SEQ_EFEC361AC42A,Low,60.62,Medium
711,SEQ_8711CE809FA0,Low,57.62,Low
712,SEQ_7E2DC99AFBE0,Low,57.62,Low
715,SEQ_27C32BF660E5,Low,60.62,Medium
716,SEQ_F9B7EA8A373E,Low,59.5,Low
717,SEQ_76A9EF3CD42A,Low,60.62,Medium
718,SEQ_64931E291543,Low,60.62,Medium
719,SEQ_DC2CB39DBD00,Low,60.62,Medium
721,SEQ_9166B01004EB,Low,45.0,Low
731,SEQ_E3E2B14669FD,Low,58.38,Low
732,SEQ_B7DA7F41AA26,Low,58.5,Low
739,SEQ_7FA758C16451,Low,42.5,Low
741,SEQ_B58D1DFD1031,Low,61.62,Medium
744,SEQ_B8BF9C235D5E,Medium,80.5,High
747,SEQ_D5822BFCC919,Low,52.5,Low
748,SEQ_65847F4CB37C,Low,72.38,Medium
749,SEQ_1AF9D7A48DBF,Low,75.5,Medium
750,SEQ_1C3CC39E95EE,High,91.38,High
751,SEQ_7F2FE09C1801,Medium,81.25,High
752,SEQ_2058A4111A75,High,88.12,High
753,SEQ_79F9491B1A52,High,85.25,High
754,SEQ_F139CC9099D6,High,85.62,High
755,SEQ_F9B0E92F4C9C,High,96.38,High
758,SEQ_B159C3CE59CC,Low,61.38,Medium
759,SEQ_4471B6DAA7A6,Medium,79.25,Medium
762,SEQ_24C8FF747644,Low,45.62,Low
763,SEQ_E97FF40AD670,Low,63.88,Medium
766,SEQ_8D92B62CEED0,High,93.75,High
767,SEQ_CBCB32EA336B,High,96.38,High
768,SEQ_4038D4910B7B,High,91.75,High
769,SEQ_E1207223E578,Medium,83.88,High
770,SEQ_1EF961072754,Medium,81.62,High
771,SEQ_10992CD98709,High,83.38,High
772,SEQ_68F45D55ECBE,Medium,81.0,High
773,SEQ_5B89DC39C342,High,86.88,High
774,SEQ_28CC1EBFF4E7,Medium,79.62,Medium
778,SEQ_805128E74BD6,Low,66.12,Medium
779,SEQ_84484723985B,Medium,77.88,Medium
780,SEQ_3AF6845C527E,Medium,83.75,High
782,SEQ_2D6FEBF34FF1,High,93.25,High
786,SEQ_C9ABBEAADFFD,High,97.5,High
787,SEQ_6BB0F6E18C30,High,97.5,High
788,SEQ_229E2C6963C0,Low,78.0,Medium
789,SEQ_4B0B9E2E03D4,High,90.25,High
790,SEQ_4839792C59E8,Medium,86.5,High
792,SEQ_BC65BACDE80C,Low,56.12,Low
793,SEQ_795C67A724FF,Low,63.75,Medium
794,SEQ_7673B6D78C5A,Low,56.25,Low
795,SEQ_9F01A94B19AE,Low,63.88,Medium
796,SEQ_51FA34256E08,Low,57.5,Low
797,SEQ_6CFF0E186956,Low,71.62,Medium
798,SEQ_9B90F8FAF41C,Low,71.62,Medium
799,SEQ_FAD5B01B8E06,Low,72.12,Medium
800,SEQ_524A957D4A12,Low,71.38,Medium
801,SEQ_6B8B56FC68DB,Medium,68.75,Medium
803,SEQ_48944E97C39F,Low,66.75,Medium
805,SEQ_B2088DC068AF,Medium,89.62,High
806,SEQ_E80F1D621BB6,Low,68.75,Medium
807,SEQ_0B232BA3DDFB,Low,70.5,Medium
808,SEQ_9BFC4203E95B,Medium,78.0,Medium
811,SEQ_28859986F69C,High,89.62,High
812,SEQ_0A43980CF5AE,High,91.25,High
813,SEQ_186CCCEEDA61,Medium,80.75,High
814,SEQ_42BE4BF6BF77,High,95.0,High
815,SEQ_C612D4BF7354,High,91.25,High
816,SEQ_FCD99FBF569E,High,87.0,High
817,SEQ_55F744C11B3E,High,92.75,High
818,SEQ_224C55CC9B6E,High,92.75,High
819,SEQ_25B85A2F7AB1,High,92.75,High
820,SEQ_2DC631FB1CC1,High,92.75,High
821,SEQ_37828D4A0148,High,92.75,High
822,SEQ_7C0A612910FE,High,89.62,High
823,SEQ_94CF318674D8,High,87.0,High
824,SEQ_6ED945768DF0,High,100.0,High
825,SEQ_7A1AA1689629,High,91.0,High
826,SEQ_2F552064CCD5,High,95.0,High
827,SEQ_5E5E6D17EC24,High,90.75,High
828,SEQ_364D84B2365B,High,96.38,High
829,SEQ_18D0CD9C3A55,High,92.75,High
830,SEQ_FF2B0F4D082F,High,97.5,High
831,SEQ_702AC68A5640,High,97.5,High
832,SEQ_8751B49E51BA,High,97.5,High
833,SEQ_4871D302BC97,High,90.75,High
834,SEQ_C365BDFC63B0,High,97.5,High
835,SEQ_DF68B50080F2,High,90.75,High
836,SEQ_EC7A123BA709,High,90.75,High
837,SEQ_76FC868863FE,High,90.75,High
838,SEQ_E7372BA6D171,High,90.75,High
839,SEQ_810C07F5034D,High,97.5,High
840,SEQ_FB4B64DD1424,High,90.75,High
841,SEQ_4C3A3658DC85,High,97.5,High
842,SEQ_F9FB27C5E3D3,High,90.75,High
843,SEQ_63E1E305E5E4,High,90.75,High
844,SEQ_9F0B4A65A77E,High,90.75,High
845,SEQ_DFF18B67E30D,High,90.75,High
846,SEQ_3551B36E537D,High,88.5,High
847,SEQ_0E2755DA4106,High,95.0,High
848,SEQ_4F0DCC408F04,High,90.75,High
849,SEQ_74EB9E4B7BAE,High,96.38,High
850,SEQ_93AFD11B58DA,High,95.25,High
851,SEQ_078EDC37C3D4,Low,53.12,Low
852,SEQ_F800312234F0,Low,62.75,Medium
853,SEQ_F3E66439AC4F,Low,41.88,Low
854,SEQ_FE42E14ECFAF,Low,55.0,Low
855,SEQ_6BABAB54D422,High,91.25,High
856,SEQ_5E501FE2F263,Low,53.25,Low
857,SEQ_0755D0366345,Low,56.25,Low
858,SEQ_0EF2F868BAF4,High,93.25,High
859,SEQ_44A066738C02,High,88.5,High
860,SEQ_7F1096485513,High,100.0,High
861,SEQ_30E71A87FFD5,High,97.5,High
862,SEQ_2C11557317A0,High,97.5,High
863,SEQ_890734E64965,High,95.0,High
864,SEQ_4CCBBF836678,High,95.0,High
865,SEQ_9AC1982D3891,High,97.5,High
866,SEQ_439123450DAA,High,97.5,High
867,SEQ_3DE792DCE425,High,97.5,High
868,SEQ_2ABEBB512F26,High,93.88,High
869,SEQ_A6F0AF641FAE,High,90.75,High
870,SEQ_AE192D49DCBF,High,88.5,High
872,SEQ_7596B2E76E9B,Low,59.5,Low
873,SEQ_148186D790D0,Low,73.0,Medium
874,SEQ_6DE870EBD328,Low,73.0,Medium
875,SEQ_071A6A4043C4,Low,73.0,Medium
876,SEQ_E5FD241F46E4,Low,73.0,Medium
877,SEQ_8A194D329CDE,Medium,76.12,Medium
878,SEQ_58325E8770EF,Low,73.0,Medium
879,SEQ_06A54437B0A9,Low,73.0,Medium
880,SEQ_88EE7036C559,Low,73.0,Medium
881,SEQ_BCE65E06EA7D,Medium,66.25,Medium
882,SEQ_E5115A01176E,Low,69.25,Medium
883,SEQ_DB2AAF80DE89,Low,73.0,Medium
884,SEQ_0E2C7101273C,Low,73.0,Medium
885,SEQ_5B85EA5DD96D,Medium,73.0,Medium
886,SEQ_0E0F43016412,Low,73.0,Medium
887,SEQ_54AB7386FB24,Medium,66.25,Medium
888,SEQ_DEF459E49447,Low,73.0,Medium
890,SEQ_B8B2DBD89493,Low,54.62,Low
891,SEQ_D1C54207E472,Low,61.5,Medium
892,SEQ_36BCD7140ACA,Low,73.0,Medium
893,SEQ_F30BC730CB3A,Low,52.12,Low
894,SEQ_072EFD92522D,Low,58.38,Low
895,SEQ_522286FE052B,Low,55.5,Low
899,SEQ_76CD4E66E2E9,Low,46.88,Low
900,SEQ_A8CDA182C944,Medium,75.0,Medium
901,SEQ_D67BA8EDFF25,Low,73.0,Medium
902,SEQ_8D69A96861EB,Low,62.25,Medium
903,SEQ_71D9A29A3498,Low,73.0,Medium
904,SEQ_8E82BDD655CB,Low,66.25,Medium
905,SEQ_CC6465C43DF2,Low,73.0,Medium
906,SEQ_184F72EB7FAB,Low,73.0,Medium
907,SEQ_4ED1C01B37A1,Low,73.0,Medium
908,SEQ_E506B7168579,Low,78.62,Medium
909,SEQ_F06695D7D456,Low,73.0,Medium
910,SEQ_10923F2BF273,Low,74.88,Medium
911,SEQ_597385F01950,Low,73.0,Medium
912,SEQ_525CDDF6D415,Low,63.88,Medium
913,SEQ_19B8BB664297,Low,60.75,Medium
914,SEQ_36C421D56A25,Low,61.38,Medium
915,SEQ_E86C90A78670,Low,66.88,Medium
917,SEQ_24FE29A6CEED,Low,45.0,Low
918,SEQ_4F3D60AE9807,Low,45.0,Low
919,SEQ_F64FF58187AF,Low,45.0,Low
920,SEQ_D90EE2238EA6,Low,47.5,Low
921,SEQ_A25CA8BD6E3A,Low,49.38,Low
922,SEQ_449717301639,Low,69.0,Medium
923,SEQ_2F0C9F0704A4,Low,67.0,Medium
924,SEQ_18A04B000434,Low,64.5,Medium
925,SEQ_8808E831E49D,Low,64.38,Medium
926,SEQ_05CA21C1FE9B,Low,58.12,Low
927,SEQ_1FEEBD684FA8,Low,53.75,Low
928,SEQ_F026D64D367D,Medium,78.0,Medium
929,SEQ_55167A87DA52,Low,72.38,Medium
930,SEQ_7F33F9CC1FFD,Low,66.38,Medium
931,SEQ_50DF40471E58,Low,66.38,Medium
932,SEQ_ED9B929BA9B5,Low,69.5,Medium
933,SEQ_142C11D0379F,Low,41.75,Low
934,SEQ_6D79EB700082,Low,43.62,Low
935,SEQ_B8F6FA43BF0A,Low,58.88,Low
936,SEQ_EA873B42A3D5,Medium,54.25,Low
937,SEQ_7C81A0AD22D6,Low,56.25,Low
938,SEQ_C24BF3D91573,Low,56.25,Low
939,SEQ_B11D81F62F55,Low,54.38,Low
942,SEQ_56C0FC0CF1FA,Low,49.0,Low
944,SEQ_FFB88A84DFF0,Low,66.38,Medium
945,SEQ_26BDCEC13616,Low,58.25,Low
946,SEQ_65A2CDEFB091,Low,76.62,Medium
947,SEQ_B4ACEE14068A,Low,72.12,Medium
948,SEQ_2B6DC3C0E22D,Low,65.88,Medium
949,SEQ_6F1FE86EDFD3,Low,67.88,Medium
950,SEQ_55E9D4DB465F,Low,67.88,Medium
951,SEQ_C406ED394C6E,Low,67.88,Medium
952,SEQ_324076BF5F6C,Low,75.75,Medium
953,SEQ_7010F9153567,Medium,77.38,Medium
954,SEQ_7436600B6022,Low,58.12,Low
958,SEQ_794223A2B993,High,97.5,High
959,SEQ_2C6C49A14E11,High,97.5,High
960,SEQ_3E5D62EBFB21,High,97.5,High
962,SEQ_5C924820FF58,High,93.75,High
963,SEQ_E521662B6EBA,High,93.75,High
964,SEQ_8BCAFB232D50,High,97.5,High
966,SEQ_365E2A5E280E,Low,50.0,Low
968,SEQ_8D4A5578EA75,Low,49.38,Low
969,SEQ_7EC96039252E,Low,48.0,Low
970,SEQ_0C036CB389BE,Medium,78.25,Medium
976,SEQ_8260D80B9396,Medium,75.0,Medium
977,SEQ_2ECA78293824,Medium,75.0,Medium
978,SEQ_E9D3D15ACA77,High,86.25,High
980,SEQ_DC1A487EAFEC,High,96.38,High
981,SEQ_18E948EDE2E7,High,86.25,High
982,SEQ_B1C6BECF552E,Medium,85.12,High
984,SEQ_CB46200C6323,Low,54.0,Low
985,SEQ_C2E0C4F9C2C1,Medium,80.38,High
986,SEQ_30DF2C3FFAB1,Low,53.25,Low
987,SEQ_371E806410FD,Medium,70.5,Medium
988,SEQ_71AAD7C6F887,Low,65.25,Medium
989,SEQ_5BA26E00C8EC,Medium,79.0,Medium
990,SEQ_9BEC3C4E00D3,Low,71.75,Medium
991,SEQ_5A6E4264C1BF,High,89.38,High
992,SEQ_45438D710149,Medium,78.75,Medium
993,SEQ_355FA5832D4E,Medium,81.25,High
994,SEQ_BFB1CDD5165B,Low,69.25,Medium
995,SEQ_EF727C48ED39,Medium,88.5,High
997,SEQ_AA8FEB758F43,Medium,89.38,High
998,SEQ_0B6502C55938,High,94.25,High
999,SEQ_E80E23EB11F6,Low,62.62,Medium
1001,SEQ_5F3F47ED8B0D,Low,73.0,Medium
1002,SEQ_AA84379DEF53,Low,45.62,Low
1004,SEQ_2C4CD2219498,Medium,76.12,Medium
1005,SEQ_99EA533901AF,Medium,76.12,Medium
1006,SEQ_09414423515B,Low,59.88,Low
1007,SEQ_9C27B5B8EAAA,Medium,83.75,High
1008,SEQ_9E2EA2DCF6BF,High,92.75,High
1010,SEQ_328F7D8B82FA,Medium,76.5,Medium
1011,SEQ_81A863A45F70,Low,42.5,Low
1012,SEQ_0528C131F6B6,Low,48.12,Low
1013,SEQ_11268CAC87A9,Low,53.75,Low
1014,SEQ_8C81815FA67F,Low,62.75,Medium
1015,SEQ_C5FFF004AF6B,Low,74.88,Medium
1016,SEQ_894AB3082C69,High,96.38,High
1018,SEQ_4FC37D4DAD4A,Medium,81.25,High
1019,SEQ_6AD5BB3AABA9,Medium,79.12,Medium
1020,SEQ_AA97FB86CB51,Medium,79.12,Medium
1021,SEQ_FA99C034C9DB,Medium,79.12,Medium
1022,SEQ_5DD86C625D8F,Medium,81.88,High
1023,SEQ_F9AA705E1AF3,Medium,76.88,Medium
1024,SEQ_E19EADFE1E89,Medium,73.0,Medium
1026,SEQ_5F0A81E81C74,Medium,81.25,High
1029,SEQ_1646B0020600,Medium,69.88,Medium
1030,SEQ_22EB9D474931,Low,52.5,Low
1031,SEQ_CE6C600E21C4,Medium,90.75,High
1032,SEQ_A30EC6088E35,Low,62.0,Medium
1035,SEQ_EE6A840F3BBB,Low,42.88,Low
1036,SEQ_D2DD1FF4FE6C,Low,70.5,Medium
1037,SEQ_14A4F97209AD,Low,72.38,Medium
1038,SEQ_9222FD522BB8,High,95.25,High
1039,SEQ_D9874D90FA34,High,95.25,High
1040,SEQ_1396723090D7,Low,39.0,Low
1042,SEQ_50BF2BC7C333,High,97.5,High
1043,SEQ_D8D391DD2EE6,High,95.25,High
1044,SEQ_DF75A7B9C8C4,High,97.75,High
1045,SEQ_ADCB2827DDCB,High,95.25,High
1046,SEQ_302FAB1510D0,High,91.75,High
1047,SEQ_642468344D36,High,91.75,High
1048,SEQ_7BB5E2F8C66C,High,91.75,High
1049,SEQ_621625CE9EDA,High,95.25,High
1050,SEQ_B258BDF1587E,High,95.25,High
1051,SEQ_63C3DB46F8DC,High,95.25,High
1052,SEQ_147A3EDD6252,High,95.25,High
1053,SEQ_62BF20D37FD9,High,95.25,High
1054,SEQ_2D8090C48D4F,High,95.25,High
1055,SEQ_C9C8EBBA0CB9,High,91.75,High
1056,SEQ_766516CD7575,High,91.75,High
1057,SEQ_0A7B0062A333,High,95.25,High
1058,SEQ_6DBB0441690B,High,95.25,High
1059,SEQ_05A12620E152,High,91.75,High
1060,SEQ_CBBE40A4EDEC,High,97.5,High
1061,SEQ_CE01086BA656,High,91.75,High
1062,SEQ_4EE73C8CDB28,High,97.5,High
1063,SEQ_2DB5970FEE45,High,91.75,High
1064,SEQ_1A00EBB24808,High,91.75,High
1065,SEQ_55377044C95C,High,91.75,High
1066,SEQ_2D41A2DE714B,High,91.75,High
1067,SEQ_A513D1E952FE,High,91.75,High
1068,SEQ_B81EE1FF072C,High,94.25,High
1069,SEQ_EA42F07C6675,High,97.5,High
1070,SEQ_8A4D6F8FF024,High,97.5,High
1071,SEQ_B7A1493D1CA4,High,97.5,High
1072,SEQ_3A97B50A9E74,High,97.5,High
1073,SEQ_33E33F379F53,High,96.38,High
1074,SEQ_79DE70239553,High,91.75,High
1075,SEQ_BFE1F953FE95,High,100.0,High
1076,SEQ_55DD96BD9346,High,91.75,High
1077,SEQ_3729708EBF1F,High,97.5,High
1078,SEQ_85325B5AC492,High,91.75,High
1079,SEQ_43C49A2B13D1,High,97.75,High
1080,SEQ_7316C0406339,High,97.75,High
1081,SEQ_52716F2FAEEC,High,97.75,High
1082,SEQ_74319C711554,Medium,89.88,High
1083,SEQ_464C1F9F1210,High,98.88,High
1084,SEQ_EE12A7C4C03E,Medium,80.5,High
1085,SEQ_DCD911381F84,High,96.25,High
1086,SEQ_1BFF1C273554,High,96.25,High
1087,SEQ_52D5D152BFF5,High,93.75,High
1088,SEQ_EEAA34738F23,High,97.75,High
1089,SEQ_1BDCC06F8537,High,94.38,High
1090,SEQ_B64F18BA2482,High,96.25,High
1091,SEQ_E800024E95B7,High,97.75,High
1092,SEQ_6401B7529C24,High,96.25,High
1093,SEQ_DB43FDC07B11,High,96.25,High
1096,SEQ_E3682B5C5EA5,High,96.25,High
1097,SEQ_DB22CB7A7D51,High,96.25,High
1098,SEQ_16718319BF37,Medium,86.75,High
1099,SEQ_F04D396B988C,High,95.25,High
1100,SEQ_5A8FB44BF8B4,High,100.0,High
1101,SEQ_CD372F3B760D,High,91.75,High
1102,SEQ_3090A28E0EFD,High,97.5,High
1103,SEQ_626829ED76EF,High,91.75,High
1104,SEQ_D2C125EECAAE,High,100.0,High
1105,SEQ_55B9A72DFDD9,High,97.5,High
1106,SEQ_71D6B30822DD,High,100.0,High
1107,SEQ_13D25173E65C,High,100.0,High
1108,SEQ_5F183315D4EC,High,100.0,High
1109,SEQ_9C1BFE9F677E,Medium,83.0,High
1110,SEQ_28575910E564,Medium,83.0,High
1111,SEQ_0650A928E56C,High,97.5,High
1112,SEQ_D69AD2658C17,High,95.25,High
1113,SEQ_C1A3FDDD2545,Medium,86.75,High
1114,SEQ_3AB94A745EF2,High,100.0,High
1115,SEQ_DAEB38D3EA2B,High,100.0,High
1116,SEQ_C8F187AC8C3D,High,96.38,High
1117,SEQ_BAE0174125B3,High,93.75,High
1118,SEQ_0FFAD25AE2C0,High,95.25,High
1119,SEQ_6080BDBE61AD,High,100.0,High
1120,SEQ_CFBA80427331,High,97.75,High
1121,SEQ_2FDA7FA2E528,High,97.75,High
1122,SEQ_C582F238D434,High,100.0,High
1123,SEQ_C13DA9C40D32,High,93.25,High
1124,SEQ_11AEBA244DF7,High,97.5,High
1125,SEQ_EAEFC9A450F8,High,91.75,High
1126,SEQ_5DB9D5B06D59,High,98.88,High
1127,SEQ_F1C914784257,High,91.75,High
1128,SEQ_49719762CC55,High,95.25,High
1129,SEQ_CB062327B955,High,95.25,High
1130,SEQ_A7DCFDC28978,High,95.25,High
1131,SEQ_C85372E3FD33,High,95.25,High
1132,SEQ_0EE2F018124A,High,95.25,High
1133,SEQ_ABFB8BE1998E,High,93.75,High
1134,SEQ_DD1A57A020FF,High,91.25,High
1135,SEQ_94B08B5935AE,High,95.25,High
1136,SEQ_517D0B9395A8,Medium,83.75,High
1138,SEQ_5DCF35FC493C,Low,54.62,Low
1139,SEQ_25152716D6C8,High,96.25,High
1140,SEQ_54EA7238D445,High,96.25,High
1141,SEQ_A2977ABDA71C,High,96.25,High
1142,SEQ_EFB90CF3F8B3,High,93.75,High
1143,SEQ_16BBFE134FE9,High,93.75,High
1145,SEQ_2B241F0F280E,High,96.38,High
1146,SEQ_55C161DFAC5E,High,96.38,High
1147,SEQ_7A9CF1403054,High,95.25,High
1148,SEQ_C9E51EB2C987,High,95.25,High
1149,SEQ_32B5048A0FFE,High,95.25,High
1150,SEQ_A36D893A69A9,High,97.5,High
1151,SEQ_549EF87FE22B,High,95.25,High
1152,SEQ_C134F8DF8B1C,High,95.25,High
1153,SEQ_C7F97937F04D,High,95.25,High
1154,SEQ_B0766FE71707,High,89.88,High
1155,SEQ_3A2B3670A3EA,High,91.25,High
1156,SEQ_C0CB46DE975D,Medium,86.88,High
1157,SEQ_D7248379CF2B,High,89.25,High
1158,SEQ_0120E9AAF558,High,92.75,High
1159,SEQ_62FD16D8DB5E,High,86.75,High
1160,SEQ_8368E410D85E,Low,54.62,Low
1164,SEQ_BAF08366614F,High,88.88,High
1165,SEQ_E7C5FCA311CE,Medium,73.88,Medium
1166,SEQ_F868D804C713,High,96.38,High
1170,SEQ_7437A705B3E7,High,97.5,High
1172,SEQ_92B785CB0A9C,High,97.5,High
1174,SEQ_2ACB4262357A,High,97.5,High
1175,SEQ_5879171F20E0,High,97.5,High
1180,SEQ_E338355B79B3,High,89.38,High
1181,SEQ_913DFA4440AF,High,93.88,High
1183,SEQ_B6AD7D38E870,Medium,76.88,Medium
1184,SEQ_AA7F237A8919,Low,67.88,Medium
1185,SEQ_30F9B6F39123,High,88.75,High
1186,SEQ_A7A333026404,High,91.25,High
1187,SEQ_86C6A37C085D,High,93.88,High
1188,SEQ_A2BB7B25425D,High,95.5,High
1189,SEQ_EF08FB9A25C7,High,93.88,High
1190,SEQ_C7C2F93C5E04,High,88.12,High
1191,SEQ_0B6F4002C5B8,High,88.12,High
1192,SEQ_1CA56C5E8DBE,Medium,89.25,High
1193,SEQ_7366BEE21DF0,High,95.25,High
1194,SEQ_A86592D267DA,High,88.12,High
1195,SEQ_F39519E23676,High,95.0,High
1197,SEQ_2E09491F3A05,High,96.38,High
1199,SEQ_06DEA59C61BD,Low,58.88,Low
1200,SEQ_0E256123C5D1,High,95.0,High
1201,SEQ_6D7C8B31707C,High,87.38,High
1202,SEQ_1E3684A965BB,High,92.5,High
1204,SEQ_B0838071AE16,High,97.5,High
1205,SEQ_2C0E32A63F2A,High,97.5,High
1206,SEQ_5094FC9DCD03,High,97.5,High
1207,SEQ_CF2185905107,High,95.0,High
1209,SEQ_664F51E69502,High,95.25,High
1210,SEQ_053FFDB924D3,Low,64.38,Medium
1211,SEQ_F2D95FA7CA7A,High,96.38,High
1213,SEQ_B66D6923AA45,High,93.88,High
1219,SEQ_4EB9E02E4F8A,Medium,80.25,High
1224,SEQ_FE34FCA478B6,High,93.75,High
1228,SEQ_C5D2F162404A,High,92.75,High
1230,SEQ_2549C6F1545B,High,97.5,High
1231,SEQ_04D974EF3A78,High,91.25,High
1233,SEQ_8D788DA06E3F,Medium,70.75,Medium
1234,SEQ_C77CD4D0B097,High,96.38,High
1235,SEQ_86ED9068BC3F,Low,56.5,Low
1236,SEQ_D841EBEEC805,High,97.5,High
1237,SEQ_E4EA997AC4F5,Medium,79.12,Medium
1238,SEQ_07630112A11A,High,85.5,High
1239,SEQ_40AC6B3301B5,High,86.75,High
1240,SEQ_58918E464CDE,Low,72.38,Medium
1241,SEQ_BE327DB9873D,High,89.62,High
1243,SEQ_BB894995C5F4,Medium,92.25,High
1244,SEQ_2AEC4467F046,High,93.88,High
1245,SEQ_B293FEA449A2,High,93.88,High
1246,SEQ_38E70DA514C7,High,93.88,High
1247,SEQ_FC94E4139566,High,97.5,High
1248,SEQ_13A64A5E3AB7,High,91.25,High
1249,SEQ_5DD7825C5020,Medium,83.75,High
1250,SEQ_6B905F1C3F28,High,88.12,High
1251,SEQ_9340A7D9DE63,High,93.75,High
1252,SEQ_AC38E92C2C66,High,88.12,High
1253,SEQ_5BCF915C2D07,High,91.25,High
1254,SEQ_6B5DFA1421BB,High,86.88,High
1255,SEQ_2FA8D9D04DBC,High,89.25,High
1256,SEQ_7E4E37CFAB93,High,92.75,High
1257,SEQ_A92380FABB34,Medium,83.75,High
1258,SEQ_0554358C6AE2,High,97.5,High
1259,SEQ_9F1C1DE442FE,Medium,88.12,High
1260,SEQ_F7EBAA1039AC,High,91.88,High
1261,SEQ_3C76052FA1FE,Medium,86.25,High
1262,SEQ_7BECFC6DD214,High,87.12,High
1263,SEQ_B06C7E1C2E69,Medium,83.75,High
1264,SEQ_42884BAB2D94,High,89.62,High
1265,SEQ_1574C9172D4E,High,91.25,High
1266,SEQ_069EC3212A84,High,97.5,High
1267,SEQ_1CC34C502B41,High,97.5,High
1268,SEQ_C8AD8FAD4C66,Medium,90.75,High
1269,SEQ_020F8676D492,High,92.75,High
1270,SEQ_C0721F7EF627,High,86.12,High
1271,SEQ_131E86FCD02E,High,98.88,High
1272,SEQ_B6B13393D2A9,Low,65.0,Medium
1273,SEQ_14315019FD29,Medium,65.62,Medium
1274,SEQ_07B9621965F6,High,96.38,High
1275,SEQ_DE6809BF3DA0,High,98.88,High
1276,SEQ_8C70DAA79C12,High,97.5,High
1278,SEQ_EA78637B7E5E,High,97.5,High
1280,SEQ_72D07068C45E,High,95.0,High
1281,SEQ_E345A7E52B30,High,97.5,High
1285,SEQ_B8ECC24617E4,High,91.88,High
1286,SEQ_0FE2A82C75CC,High,91.88,High
1287,SEQ_DD390BD6618B,High,91.88,High
1288,SEQ_B9790A258E79,High,93.75,High
1289,SEQ_42E90368788F,High,95.25,High
1290,SEQ_D1DE05651CD5,High,95.25,High
1291,SEQ_1CBEFD423EA2,High,95.5,High
1292,SEQ_1C69B95FFF7C,High,97.5,High
1293,SEQ_DC6EAA3E12EC,High,97.5,High
1294,SEQ_A52A40BECB35,High,95.0,High
1295,SEQ_C405C5CF0187,High,95.0,High
1297,SEQ_98E39D0AAEED,Medium,75.5,Medium
1298,SEQ_38265846653E,High,97.5,High
1299,SEQ_9DF1669A3490,High,97.5,High
1300,SEQ_727D091D17B1,High,97.5,High
1301,SEQ_23678349F856,High,93.75,High
1302,SEQ_BE2BC7607FC4,High,93.88,High
1303,SEQ_EC446FD807EF,High,91.88,High
1304,SEQ_59849E9E398B,High,95.25,High
1305,SEQ_47DF988F4FB1,High,95.0,High
1306,SEQ_5280192C1760,High,100.0,High
1310,SEQ_0D402EEFD6AA,Medium,75.5,Medium
1313,SEQ_088238503058,High,97.5,High
1314,SEQ_C9F2D798D38A,High,96.38,High
1315,SEQ_15BA0940CAC2,High,97.5,High
1316,SEQ_6EF9A5C091E2,High,95.0,High
1317,SEQ_34FDACA5C084,High,95.25,High
1318,SEQ_F1C9AFAB1037,High,97.5,High
1319,SEQ_10DA231968E3,High,100.0,High
1320,SEQ_29518A94B59F,High,93.75,High
1326,SEQ_23E3DC390CF0,Low,41.12,Low
1328,SEQ_1D442C0A941F,High,97.5,High
1329,SEQ_B47F85503547,High,91.25,High
1330,SEQ_CA14902C8B97,High,92.75,High
1334,SEQ_87DE60EA3BB2,High,92.75,High
1336,SEQ_D7D6CEEFFE79,High,97.5,High
1344,SEQ_B5D9B9CC7A75,Medium,73.0,Medium
1346,SEQ_6C7A87BAE1CF,High,97.5,High
1347,SEQ_7C1F46779538,High,97.5,High
1348,SEQ_81E5C20A0D6D,High,93.75,High
1351,SEQ_1D2E1F4B9A7F,High,92.75,High
1352,SEQ_2F3EFF3BF351,Medium,90.5,High
1356,SEQ_962E4B19FA9E,Medium,53.38,Low
1357,SEQ_6A2DDCC738E7,Medium,59.75,Low
1359,SEQ_CEA00F4F4F57,Medium,80.62,High
1360,SEQ_CBB51FD7EB32,Low,42.88,Low
1361,SEQ_DECC793CF0C4,Medium,82.0,High
1368,SEQ_0FA59BD57324,Medium,76.5,Medium
1369,SEQ_2022E12B94A5,Medium,73.88,Medium
1370,SEQ_77A3299892AC,Medium,73.88,Medium
1371,SEQ_51BC83C41807,Medium,73.88,Medium
1373,SEQ_1C4E7FA417E8,High,90.75,High
1374,SEQ_6BF3F468540C,Medium,87.38,High
1378,SEQ_B7CD838995C3,High,96.38,High
1382,SEQ_8E8E5ADC429D,Low,73.0,Medium
1386,SEQ_E7D6BCBF37AA,High,97.5,High
1388,SEQ_F2236B147797,Low,70.88,Medium
1390,SEQ_93372058F153,Low,58.12,Low
1391,SEQ_466A64652CC7,High,95.0,High
1392,SEQ_52AC10363C78,Medium,79.62,Medium
1393,SEQ_A6561807AACE,High,97.5,High
1394,SEQ_8EE2258695D6,High,95.0,High
1395,SEQ_F9ABE375DEE2,High,93.88,High
1396,SEQ_4246D4E501A6,High,93.88,High
1397,SEQ_2450F5691DD8,Low,62.25,Medium
1398,SEQ_12E0928A22FB,High,95.0,High
1399,SEQ_7F51106BA1C3,High,95.0,High
1405,SEQ_90EA73DB937E,High,95.0,High
1406,SEQ_BC640968D914,High,97.5,High
1407,SEQ_EF2CD2BC99ED,High,97.5,High
1408,SEQ_68E2356515F0,High,97.5,High
1409,SEQ_64A292777720,High,97.5,High
1410,SEQ_88CDB0AFBE85,High,97.5,High
1411,SEQ_42A96C49D664,High,95.0,High
1412,SEQ_1A54EFDDFFAE,High,97.5,High
1414,SEQ_703F40443EBD,High,97.5,High
1416,SEQ_BD7E3B2992A9,High,93.88,High
1417,SEQ_672A86630003,High,89.62,High
1418,SEQ_196072EB77EE,High,90.75,High
1419,SEQ_CC5D0314E7FF,High,91.88,High
1420,SEQ_411031DFC278,High,95.0,High
1427,SEQ_0C0E235DF4C8,High,96.38,High
1428,SEQ_2D364B973A3C,High,91.0,High
1430,SEQ_50F4623C75B7,High,91.75,High
1432,SEQ_515CBD612312,High,95.0,High
1435,SEQ_F8E77CA42B68,Medium,95.0,High
1436,SEQ_D5BF7D196ED8,High,88.25,High
1437,SEQ_D577BE84F56B,High,91.88,High
1438,SEQ_1EEB8ABDB6FD,High,90.25,High
1439,SEQ_706607919331,Medium,78.5,Medium
1440,SEQ_678BEA5496DE,Medium,76.5,Medium
1441,SEQ_201DE532D675,Medium,74.0,Medium
1442,SEQ_B994B76110EF,High,93.75,High
1443,SEQ_71DC455C264F,High,93.75,High
1444,SEQ_DFFC639F6BCE,High,93.75,High
1445,SEQ_AE6FFB435AE5,High,93.75,High
1446,SEQ_1FB7C2FC760B,High,93.75,High
1447,SEQ_2C7461B10B7B,High,93.75,High
1448,SEQ_7B7E1E58B9CC,High,93.75,High
1449,SEQ_53980FB4859F,High,93.75,High
1450,SEQ_BF36D9289469,High,93.75,High
1451,SEQ_139E26E53335,High,93.75,High
1452,SEQ_9A172650CDA6,High,93.75,High
1453,SEQ_1A573BAF3F17,High,93.75,High
1454,SEQ_238AFF69B27B,High,93.75,High
1455,SEQ_D5D11AFAF89D,High,93.75,High
1456,SEQ_A7FC2AA14A3A,High,93.75,High
1457,SEQ_EB3A760EC2A0,High,93.75,High
1458,SEQ_13A55AC135FC,High,93.75,High
1459,SEQ_AC6ABF3CD83B,High,95.25,High
1460,SEQ_9E63104CD44D,Low,79.38,Medium
1463,SEQ_EDB521E5541B,Medium,86.0,High
1465,SEQ_A628F0B22C26,High,97.5,High
1466,SEQ_9F40B0159C8F,High,97.5,High
1467,SEQ_B7F94CED7BCC,High,97.5,High
1468,SEQ_A9C1B0F3BB21,High,97.5,High
1469,SEQ_23D0525D885F,High,97.5,High
1470,SEQ_ADEDA433A91B,High,97.5,High
1471,SEQ_787D5EA832FE,High,97.5,High
1473,SEQ_CF0E1C787960,High,97.5,High
1474,SEQ_91CE85878CB8,High,97.5,High
1475,SEQ_9BB1E16AB290,High,97.5,High
1476,SEQ_19EAD4DE7D93,High,97.5,High
1477,SEQ_2BD1179196CC,High,97.5,High
1478,SEQ_05866AB697B0,High,91.88,High
1479,SEQ_D138F1AF76AE,High,91.88,High
1480,SEQ_BF441FA45EBD,High,91.88,High
1481,SEQ_FB98D4E206E4,High,91.88,High
1482,SEQ_C13C2321512D,High,96.38,High
1483,SEQ_E80F7518DD9C,High,96.38,High
1484,SEQ_88696239DF0C,High,91.88,High
1485,SEQ_561F80B73B99,Medium,88.75,High
1486,SEQ_A17C31AA859F,High,97.5,High
1487,SEQ_F401A74AFE87,High,98.88,High
1488,SEQ_93795BE8AE25,High,94.38,High
1489,SEQ_8042E464D36D,High,91.88,High
1490,SEQ_13A69BB1420F,High,93.75,High
1491,SEQ_D55AF3EC700B,High,96.25,High
1492,SEQ_62B8BC614870,High,100.0,High
1494,SEQ_0D2527621323,High,97.5,High
1495,SEQ_F0701F37345D,Low,46.75,Low
1498,SEQ_A9469B71C58C,Medium,85.5,High
1499,SEQ_16E1FEA62706,Low,60.0,Medium
1500,SEQ_2653C5151788,Low,54.38,Low
1501,SEQ_D755A57005FF,Medium,77.62,Medium
1502,SEQ_604744FE9002,Medium,79.75,Medium
1503,SEQ_93A6448A74AB,Medium,79.75,Medium
1504,SEQ_86511221DA91,Low,74.12,Medium
1505,SEQ_FA26EB5E0EAD,Medium,74.88,Medium
1506,SEQ_ECC12A1C943D,Medium,74.88,Medium
1507,SEQ_F2D38D5404B7,Medium,76.12,Medium
1508,SEQ_584E551EE0FE,Medium,73.5,Medium
1510,SEQ_1C2BC1642920,Medium,82.12,High
1511,SEQ_A20CFA00CAE2,Medium,88.62,High
1512,SEQ_08CB8CF9E0D9,Medium,78.12,Medium
1513,SEQ_BA64E72C05B5,Medium,86.12,High
1518,SEQ_BE788DA549BA,Medium,79.5,Medium
1519,SEQ_C3B618784F29,Medium,72.88,Medium
1524,SEQ_4DB73D3ACAFE,Medium,82.0,High
1526,SEQ_FF604255333F,High,100.0,High
1527,SEQ_6C8480F862CD,High,96.38,High
1529,SEQ_AA983B41635B,High,95.0,High
1531,SEQ_5C0EE09DBC93,High,97.5,High
1533,SEQ_00F0474709A8,Medium,86.12,High
1534,SEQ_8E813C58140C,High,92.5,High
1535,SEQ_4B36E9C96507,High,92.5,High
1536,SEQ_F41E34A29807,High,95.0,High
1537,SEQ_A5E794801678,High,92.75,High
1538,SEQ_C853C6642382,High,90.25,High
1539,SEQ_E69A61328AA2,High,92.5,High
1540,SEQ_F3D6CC7DD12A,High,93.88,High
1541,SEQ_A02530FED789,High,93.88,High
1542,SEQ_82EB0CDA83CC,High,91.25,High
1543,SEQ_1E48DDDCED21,High,96.38,High
1544,SEQ_9C88527D085D,High,93.75,High
1546,SEQ_F60A0AFAFF73,High,93.75,High
1548,SEQ_F96A8FD465F7,High,89.38,High
1549,SEQ_DE22EE1DF858,High,93.75,High
1550,SEQ_76E48B791C6B,High,91.25,High
1551,SEQ_DDDE3DDA77F6,High,92.75,High
1552,SEQ_84AE353C02A8,Medium,95.0,High
1553,SEQ_776C10E539BC,Medium,95.0,High
1555,SEQ_DFB3AB636683,Medium,93.88,High
1562,SEQ_5D26157116E7,High,93.75,High
1563,SEQ_234EE1C0EE92,High,92.75,High
1564,SEQ_5A0A9293AD36,High,93.75,High
1565,SEQ_12F74AE8398D,High,91.25,High
1566,SEQ_57C3EA9CB786,High,96.38,High
1568,SEQ_7C8045936426,High,97.5,High
1573,SEQ_F1B2EF9C9712,High,97.5,High
1574,SEQ_BF992603EB92,Medium,77.5,Medium
1581,SEQ_79AA58C7E25A,High,92.25,High
1582,SEQ_DDD96C49014F,High,91.12,High
1585,SEQ_E3E88212CB66,Medium,63.88,Medium
1586,SEQ_AF51152E43A0,Medium,89.38,High
1588,SEQ_98311ADC9796,High,97.5,High
1589,SEQ_0F220A451552,High,95.0,High
1591,SEQ_54CE6E8B613D,High,95.0,High
1593,SEQ_1CA6DC0A49B4,Medium,82.62,High
1597,SEQ_CF30D187803E,Low,75.62,Medium
1598,SEQ_1CF0F97C144A,Medium,78.88,Medium
1599,SEQ_89088AECA77B,Low,76.38,Medium
1601,SEQ_91A14F338700,Low,73.25,Medium
1604,SEQ_DA8AA7CC77E0,High,100.0,High
1605,SEQ_0CA3CD6ADE85,High,97.5,High
1608,SEQ_EB4534B7800A,High,91.25,High
1609,SEQ_E9785C30B20C,Low,68.12,Medium
1612,SEQ_43A796FB26E7,Low,68.12,Medium
1613,SEQ_E6569852AAFD,Low,68.75,Medium
1614,SEQ_6FA6D50E6C4C,Low,65.62,Medium
1615,SEQ_9383C65AF401,High,91.38,High
1616,SEQ_883250AC2BB3,High,91.38,High
1617,SEQ_9A01101AE19E,High,93.88,High
1618,SEQ_BEB25AC8CA34,High,96.38,High
1619,SEQ_3B6190C5FDEB,High,93.88,High
1620,SEQ_872B905748FD,High,93.88,High
1621,SEQ_50FAD7314A70,High,93.75,High
1622,SEQ_3C4A760A450C,High,92.75,High
1624,SEQ_5BB8201A77E3,High,91.25,High
1626,SEQ_3E7D84264801,High,91.88,High
1627,SEQ_EBB5882EA86D,High,91.88,High
1631,SEQ_E41ED928C377,High,95.25,High
1636,SEQ_C16CBB6211A4,Low,81.75,High
1637,SEQ_DD5D9A5AC8E9,Medium,87.62,High
1640,SEQ_170CD844E091,High,97.75,High
1641,SEQ_FE48CFAAB74F,Medium,80.62,High
1649,SEQ_46DDCB322022,High,96.25,High
1650,SEQ_862D71FB1673,High,97.5,High
1651,SEQ_7DEFF1194CC5,High,97.5,High
1652,SEQ_4CA042E0D079,High,97.5,High
1653,SEQ_58C6CEF5D6C2,High,93.75,High
1654,SEQ_BC0A74B2B05C,High,97.5,High
1655,SEQ_73E9D8BDA72D,High,95.0,High
1656,SEQ_B86A3479C32F,High,95.0,High
1657,SEQ_35D884849E58,High,95.0,High
1658,SEQ_3549A3BA31DB,High,97.5,High
1659,SEQ_86573A2E6FB1,High,97.5,High
1660,SEQ_4ADB8B54493E,Medium,85.62,High
1663,SEQ_B2909736C4AA,High,96.38,High
1664,SEQ_AFD3A54B6581,High,95.0,High
1665,SEQ_CA876C0F7C44,High,91.25,High
1666,SEQ_6326F631A7A2,High,91.25,High
1668,SEQ_D0E5B4256019,High,97.5,High
1669,SEQ_3E1D2FD0C4AA,High,89.38,High
1670,SEQ_24E1D531E185,High,97.75,High
1673,SEQ_13598AFE3707,High,98.88,High
1676,SEQ_DD35B81C5D82,High,97.5,High
1677,SEQ_ECAABA54BEC8,High,97.5,High
1678,SEQ_314DDC691615,Low,59.88,Low
1679,SEQ_9DE0955785C7,Medium,81.75,High
1680,SEQ_96E9EFFEE532,Medium,81.75,High
1681,SEQ_91E9A16D4ADF,High,95.25,High
1682,SEQ_DF147CF0D9B8,High,95.25,High
1684,SEQ_0F83F070F76A,High,95.25,High
1686,SEQ_88001A404B55,High,95.25,High
1688,SEQ_23C67CFDF782,High,91.75,High
1689,SEQ_230648F2589B,High,97.75,High
1690,SEQ_9AB0C30407F9,Medium,88.62,High
1691,SEQ_2AC3CEABCF0C,Medium,88.62,High
1692,SEQ_DF7D916FC00A,Medium,86.75,High
1693,SEQ_DE2598342C3E,Medium,86.75,High
1694,SEQ_5F65C6EA6479,High,96.25,High
1695,SEQ_964CD7A4A23B,High,100.0,High
1696,SEQ_2FF364B72630,High,91.75,High
1697,SEQ_5F1A35AC1FBE,High,97.75,High
1698,SEQ_9B1CD45E98B2,Medium,86.75,High
1699,SEQ_5815CE572855,High,97.5,High
1700,SEQ_78B2D074A94A,Medium,91.88,High
1701,SEQ_0DC0C58FDA98,High,100.0,High
1702,SEQ_5EC4B892FEA2,High,96.25,High
1703,SEQ_3BF5C512ABEC,High,97.75,High
1704,SEQ_87552D851FED,Medium,87.38,High
1705,SEQ_79752B71EE52,High,96.25,High
1706,SEQ_E9163F31FCD2,Medium,89.88,High
1707,SEQ_858A1009C71B,Medium,89.88,High
1708,SEQ_FEC0B1A5BDF1,Medium,86.75,High
1709,SEQ_879F62B1178F,Medium,89.88,High
1710,SEQ_17ACCA1BDECC,Medium,84.25,High
1711,SEQ_97D81BF565ED,Medium,84.25,High
1712,SEQ_96CAAB04162D,Medium,84.25,High
1713,SEQ_FBC9F7BEC5A0,Medium,81.75,High
1714,SEQ_D2344C03D8EE,Medium,84.25,High
1715,SEQ_D4B49B4C93AC,Medium,88.75,High
1716,SEQ_E634D32CCCF3,Medium,88.62,High
1717,SEQ_4765E7F3F3BE,Medium,84.25,High
1718,SEQ_CBE79D444CBA,Medium,84.25,High
1719,SEQ_6C3629F3C236,Medium,84.25,High
1720,SEQ_744C4C1B4167,Medium,84.25,High
1721,SEQ_11C478EA5A49,Medium,86.75,High
1722,SEQ_C6D83F244AB1,Medium,86.75,High
1723,SEQ_0D280AEE37E0,Medium,89.88,High
1724,SEQ_68356F7C0538,High,94.38,High
1725,SEQ_B4DBE7CACEF5,Medium,91.88,High
1726,SEQ_39C5F2A7DFB0,High,97.5,High
1728,SEQ_CBCE07489F38,High,96.25,High
1729,SEQ_15D03A2D732C,Medium,89.88,High
1730,SEQ_F4CFFDB25B74,High,97.75,High
1731,SEQ_1765D5F46605,High,95.25,High
1732,SEQ_2B48D66356C8,High,100.0,High
1733,SEQ_0A96A15C9018,High,100.0,High
1734,SEQ_787BEE6C5AAE,High,93.25,High
1735,SEQ_8D66A460A724,High,96.25,High
1736,SEQ_271F0BF5DAEC,High,96.38,High
1737,SEQ_43889C4CDB2D,High,100.0,High
1739,SEQ_E225C8AA9415,High,96.38,High
1740,SEQ_4D7806EAA3EF,High,95.25,High
1741,SEQ_989ED9219ADC,High,92.75,High
1742,SEQ_A18DD4CE9377,High,95.25,High
1743,SEQ_3DD0FF8E7A6C,High,95.25,High
1744,SEQ_57359D000665,High,95.25,High
1745,SEQ_96398FA506E9,High,95.25,High
1746,SEQ_3228514F0234,High,95.25,High
1747,SEQ_11F8F95011AD,High,95.25,High
1748,SEQ_9687F27FD986,High,95.25,High
1749,SEQ_A408F3F02F41,High,95.25,High
1750,SEQ_5BC9E36CD5AC,High,95.25,High
1751,SEQ_CA0CF4E645FA,High,95.25,High
1752,SEQ_D359BE8BDB1C,High,91.75,High
1753,SEQ_56AB3BDDF9F2,High,95.25,High
1754,SEQ_A0476CB06948,High,95.25,High
1756,SEQ_A2D49E5D49FB,High,96.38,High
1757,SEQ_C1F0347A3BA5,High,97.5,High
1758,SEQ_1B1B488E2A2C,High,93.75,High
1761,SEQ_DEE115E2001C,High,95.0,High
1762,SEQ_E4D36AF5F812,High,95.0,High
1763,SEQ_EA44B494A77C,High,95.0,High
1764,SEQ_622C02AD9611,High,96.25,High
1765,SEQ_E583FED7C527,High,96.38,High
1766,SEQ_D8EA097E435B,High,96.38,High
1767,SEQ_709F2410A57F,High,95.0,High
1768,SEQ_18B480C74A96,High,95.0,High
1769,SEQ_3A8033F29075,High,95.0,High
1770,SEQ_2B04745E03AA,High,95.0,High
1771,SEQ_6E9F921D3257,High,100.0,High
1772,SEQ_A7D03DA826FD,High,98.88,High
1774,SEQ_60045FA14557,High,95.0,High
1775,SEQ_83735CAF72C3,High,97.5,High
1776,SEQ_A8F2CF5509F7,High,96.38,High
1777,SEQ_B431B1375A8E,High,96.25,High
1778,SEQ_18F9CD78A405,High,95.0,High
1780,SEQ_D404B74778B9,High,97.5,High
1781,SEQ_6402564FB87B,High,95.0,High
1786,SEQ_C2A44C8AB1DA,Medium,75.5,Medium
1787,SEQ_4ACC2B9617A6,High,100.0,High
1788,SEQ_A09D9864AC36,Medium,59.75,Low
1792,SEQ_AFA7A377F225,High,96.38,High
1793,SEQ_E45F6D81EA45,High,96.38,High
1794,SEQ_97B70B3C82F9,Low,56.88,Low
1795,SEQ_1D69DE4D7D06,Medium,86.5,High
1797,SEQ_BAF2EE7AC3D8,High,95.0,High
1798,SEQ_233092813DFF,Medium,81.75,High
1799,SEQ_D7BC47D7B396,High,89.25,High
1800,SEQ_F5ED0C199C6E,High,95.25,High
1801,SEQ_08264E4BC70F,High,97.5,High
1803,SEQ_B27AFBC575C5,High,97.5,High
1804,SEQ_F2D5F9C6916B,High,97.5,High
1805,SEQ_4CBD49865F44,High,97.5,High
1806,SEQ_854C189F9FB3,Medium,80.12,High
1808,SEQ_2F128F2562CD,Medium,91.75,High
1810,SEQ_1312DD1B1882,Low,69.62,Medium
1812,SEQ_52AF9F76CEB4,High,91.75,High
1813,SEQ_61762724F224,High,95.0,High
1814,SEQ_867026330066,High,95.0,High
1815,SEQ_C3C74EF73B87,High,95.0,High
1816,SEQ_06C182B336F4,High,95.0,High
1818,SEQ_E14F50626316,Low,26.25,Low
1819,SEQ_45D79C4C3352,Low,62.25,Medium
1821,SEQ_DA49C9F87776,High,91.25,High
1822,SEQ_15B6CE08C05D,Medium,82.38,High
1823,SEQ_92203BA510FF,Medium,83.75,High
1824,SEQ_D47FE57EFF50,High,97.5,High
1826,SEQ_C4D6BCC1260D,High,94.38,High
1828,SEQ_31271D51BD3B,High,96.38,High
1829,SEQ_4BA42DA8D1FA,High,92.5,High
1837,SEQ_98E1F8635E05,High,95.0,High
1840,SEQ_DB8FCB045241,High,95.0,High
1843,SEQ_EF5EC6FA219E,Low,76.88,Medium
1845,SEQ_98D70C1D1998,Medium,80.5,High
1846,SEQ_741E361567F0,High,91.88,High
1847,SEQ_E3A480E83989,High,95.25,High
1848,SEQ_5240245625F3,High,95.25,High
1849,SEQ_2C956AC83EB3,High,95.25,High
1850,SEQ_8576A30C373D,High,92.75,High
1852,SEQ_CF6DC3CAB27C,High,92.75,High
1854,SEQ_F8E46E6CBB5F,High,91.62,High
1855,SEQ_5FFE7BA90078,High,95.0,High
1856,SEQ_4C92D242D6F2,High,97.5,High
1857,SEQ_14012B9C63FC,High,95.0,High
1859,SEQ_5C795AB24C01,High,95.0,High
1860,SEQ_81EBB3A6E70A,High,93.88,High
1861,SEQ_852B177B5CD1,High,96.38,High
1862,SEQ_866099D1F2EB,High,95.0,High
1864,SEQ_B2CA4FAE42A3,High,95.0,High
1865,SEQ_B500C09361BD,High,92.5,High
1866,SEQ_FA31A7C71E53,High,92.5,High
1867,SEQ_A535AC538BF9,High,92.5,High
1872,SEQ_40364A764F6D,High,92.5,High
1873,SEQ_6040BA54C149,High,95.0,High
1874,SEQ_E716C2942C38,High,97.5,High
1875,SEQ_E8E8153AAF56,High,95.0,High
1876,SEQ_8C3CB6C16CEF,High,97.5,High
1877,SEQ_F87C7DB24533,Medium,86.75,High
1879,SEQ_9554DA7FBA90,High,91.62,High
1880,SEQ_65803AA5FBEA,High,95.0,High
1881,SEQ_FC29DB5108ED,High,95.0,High
1882,SEQ_91C3734215F8,High,95.0,High
1883,SEQ_1BC38DA76961,High,97.5,High
1884,SEQ_02021067A2DC,High,97.5,High
1885,SEQ_93A862112A95,High,97.5,High
1886,SEQ_60C44EECFBF1,High,97.5,High
1887,SEQ_58F0C257D4D4,High,91.75,High
1888,SEQ_DD88D1973EB5,Medium,91.25,High
1889,SEQ_D3A10F30662C,High,90.75,High
1890,SEQ_F7E9BD13030E,High,96.38,High
1893,SEQ_16D2C28012D2,High,93.88,High
1896,SEQ_A0B97371367C,High,95.25,High
1898,SEQ_D3098BC711B7,Low,76.25,Medium
1901,SEQ_1259D6CEC56F,Medium,73.75,Medium
1905,SEQ_9275DA65E961,High,97.5,High
1910,SEQ_BF0377948E28,High,97.5,High
1911,SEQ_98EE1EEFEDEE,Medium,80.5,High
1912,SEQ_5D820D2D1551,Low,60.62,Medium
1913,SEQ_FA6C4CA2C7A0,High,95.25,High
1914,SEQ_61B7F7F82C36,Medium,86.12,High
1915,SEQ_CBCBD57048D1,High,89.38,High
1916,SEQ_14A185D217B6,High,91.88,High
1917,SEQ_06F3991A014D,High,89.38,High
1918,SEQ_B7B2DD014BED,High,96.25,High
1919,SEQ_4E799166EF2F,High,96.25,High
1920,SEQ_D5390DB337A1,High,96.25,High
1921,SEQ_2B85256B5595,High,89.38,High
1922,SEQ_432C799E21EB,High,93.75,High
1923,SEQ_E5F9AD3FEDFB,High,94.38,High
1924,SEQ_9A15F828C363,High,89.38,High
1925,SEQ_6F265095FA66,High,95.25,High
1926,SEQ_344C29E57772,High,93.75,High
1927,SEQ_99FCDEF12FE5,High,96.25,High
1928,SEQ_D28C505F27B4,High,93.75,High
1930,SEQ_564DC2E8DE89,High,97.5,High
1932,SEQ_931571C87BBC,High,96.38,High
1933,SEQ_274EB41A3C2F,High,97.5,High
1934,SEQ_2CDCCED076E9,High,95.0,High
1937,SEQ_D5553DBBD4A3,High,93.88,High
1938,SEQ_764CCD541B59,High,93.75,High
1940,SEQ_19E1DF0B2C5E,Low,73.38,Medium
1944,SEQ_535CBFCB9DA7,High,98.88,High
1945,SEQ_A49CE877ECC5,High,98.88,High
1946,SEQ_EC838F23C553,High,98.88,High
1947,SEQ_76EC1D58DA9F,High,86.88,High
1949,SEQ_5AD5091C09ED,High,97.75,High
1950,SEQ_5FF1F17B0353,High,95.0,High
1953,SEQ_04B767840DCA,High,97.5,High
1955,SEQ_E3391BAA7771,High,91.62,High
1956,SEQ_5DA9908B2093,High,91.62,High
1958,SEQ_3EF7F2AC65A4,High,92.75,High
1959,SEQ_D0BBAE8320E2,High,92.75,High
1963,SEQ_A4F4C4A9EC0A,High,96.38,High
1967,SEQ_F85348A40FC8,High,92.75,High
1968,SEQ_2E64921C8C25,High,92.75,High
1970,SEQ_FDB02DA109E8,High,93.88,High
1972,SEQ_285AEF7AA3BC,High,95.0,High
1973,SEQ_836564719ED0,High,93.88,High
1974,SEQ_DA8D8B333550,High,91.88,High
1976,SEQ_1969B9762DF2,High,91.75,High
1977,SEQ_EC9F58593A24,High,97.5,High
1978,SEQ_530158557089,High,97.5,High
1979,SEQ_303939CF0ED0,High,93.75,High
1981,SEQ_F9860F4D89E8,High,95.0,High
1985,SEQ_7A48752314D8,Medium,75.5,Medium
1986,SEQ_657945AE051F,High,97.5,High
1987,SEQ_2712102297A5,Medium,92.5,High
1989,SEQ_E43F69A35BF1,High,92.5,High
1990,SEQ_287CC8D0A3D6,High,92.75,High
1991,SEQ_5F7F04A08E4E,High,92.75,High
1992,SEQ_8A95EDF0B544,Medium,84.12,High
1993,SEQ_C0DF97C03CBF,High,97.5,High
1999,SEQ_BC7BFA504BD6,High,96.38,High
2000,SEQ_9B7DAD0357DA,High,95.0,High
2001,SEQ_066BB8EB6936,High,84.5,High
2002,SEQ_29D42E62B8B6,High,97.5,High
2003,SEQ_3D79F2B4AEC3,High,96.38,High
2004,SEQ_E3947547D88A,Medium,87.38,High
2006,SEQ_018D428C4062,Medium,70.88,Medium
2007,SEQ_23EA0EC200FA,High,88.88,High
2008,SEQ_A129C6E67F84,High,88.75,High
2009,SEQ_2894A7008CEC,Medium,81.25,High
2012,SEQ_D90942277854,Medium,76.12,Medium
2013,SEQ_0CF960C74C9F,High,93.5,High
2014,SEQ_263D017FE086,Low,67.38,Medium
2015,SEQ_4416BA5B908D,Low,61.88,Medium
2016,SEQ_9C99692925E6,Low,38.75,Low
2017,SEQ_B6545D78DD6E,Medium,70.62,Medium
2018,SEQ_FD996C0E7E40,Low,57.12,Low
2019,SEQ_40EBE5A7835A,Low,54.62,Low
2020,SEQ_FCF13CCB1944,Low,54.62,Low
2021,SEQ_4675275421FC,Medium,71.0,Medium
2024,SEQ_7A1686BC7A6F,Medium,73.0,Medium
2025,SEQ_B15FA258FE61,High,87.88,High
2027,SEQ_8D4772F140C9,Low,46.25,Low
2028,SEQ_E14D6626F412,Low,48.0,Low
2029,SEQ_67835165081D,High,91.88,High
2030,SEQ_86301A60E033,High,100.0,High
2031,SEQ_5FE2996FDF2F,High,92.38,High
2032,SEQ_1AABDC4E65D3,High,92.38,High
2033,SEQ_7EC994C12AF0,High,98.0,High
2034,SEQ_10D836642FFC,High,100.0,High
2035,SEQ_6AC3F2833207,High,100.0,High
2036,SEQ_4AA793F2CB77,High,94.25,High
2037,SEQ_3784E494CE55,High,98.88,High
2038,SEQ_C3DD42EAF2AA,High,100.0,High
2039,SEQ_236C66B00FDA,High,100.0,High
2040,SEQ_EFCDA4AFAF19,High,100.0,High
2041,SEQ_CAA54E9AEE85,Medium,93.25,High
2042,SEQ_4763C981F127,High,100.0,High
2043,SEQ_E749602A3035,Low,48.38,Low
2044,SEQ_E4FA5E91563F,Low,38.75,Low
2045,SEQ_F415E3950E75,Low,73.0,Medium
2049,SEQ_22F4BD726F11,Low,77.5,Medium
2051,SEQ_77BD0E73F1A9,Low,54.12,Low
2052,SEQ_9F078DC10881,Low,62.62,Medium
2053,SEQ_97B3132D53B4,Medium,86.5,High
2055,SEQ_B0AD646095FC,Low,52.5,Low
2056,SEQ_A5EA7A77909A,Medium,79.25,Medium
2057,SEQ_91BAEC3D6F47,Medium,87.38,High
2058,SEQ_280F197A13BA,High,95.0,High
2059,SEQ_1BD6CA4FA24D,High,89.62,High
2060,SEQ_8D8DB8846163,High,85.25,High
2061,SEQ_4A036A58E7D7,Medium,85.62,High
2062,SEQ_67ED130080C4,Medium,92.5,High
2063,SEQ_20D70956F151,Medium,84.25,High
2064,SEQ_DAF8FF01905F,Low,68.25,Medium
2065,SEQ_4BC471DD0A77,Low,68.25,Medium
2067,SEQ_7CE0D03F85E5,High,91.75,High
2068,SEQ_DC03A0E9878C,High,97.5,High
2073,SEQ_25E8A9098D31,High,85.12,High
2074,SEQ_04DB0695AF69,Medium,80.75,High
2075,SEQ_85821AC39478,High,91.25,High
2076,SEQ_A7F31AB970D7,High,93.88,High
2077,SEQ_72B4BC47F43A,High,91.25,High
2078,SEQ_BA01731E2845,High,91.88,High
2079,SEQ_0FC7BDEA81BE,High,93.75,High
2080,SEQ_762CE1C8AC9D,High,90.75,High
2082,SEQ_CD948A10D4F3,High,88.12,High
2083,SEQ_A4C339995230,High,84.38,High
2084,SEQ_1A2C51364873,High,88.12,High
2085,SEQ_A56B64459A26,High,97.5,High
2086,SEQ_7ED1DA7C480B,High,90.75,High
2087,SEQ_DB99A51B8122,Medium,84.38,High
2088,SEQ_8A9F1C37DF32,High,87.38,High
2089,SEQ_4891D681E9F3,High,87.62,High
2090,SEQ_4953F6ECBB75,High,88.12,High
2091,SEQ_B6D4D49A444F,High,88.12,High
2092,SEQ_D4708CEAEBE3,High,96.38,High
2093,SEQ_867AF73A1393,High,88.12,High
2094,SEQ_474CF520140A,High,91.88,High
2095,SEQ_810C596040E2,High,95.0,High
2096,SEQ_D0A5E0171F2B,High,93.75,High
2097,SEQ_C64E00E171AE,High,88.12,High
2098,SEQ_86631869A62E,High,97.5,High
2099,SEQ_023CA3B61E98,High,88.12,High
2100,SEQ_BA741BD386F7,High,93.88,High
2101,SEQ_756D6F1A4A45,High,88.12,High
2102,SEQ_3437ADDC00F3,High,92.62,High
2103,SEQ_D2D781A1BD3A,High,91.88,High
2104,SEQ_484BA704F650,High,91.25,High
2105,SEQ_05817C3A512E,High,91.25,High
2106,SEQ_B6B1F2FCA000,High,92.75,High
2107,SEQ_FE2A758888AB,High,91.88,High
2108,SEQ_D13CFB3A30BF,High,93.88,High
2109,SEQ_53F38A5DB9DF,High,91.62,High
2110,SEQ_64FF7C36D828,High,89.62,High
2111,SEQ_6D1757AEA160,High,89.38,High
2112,SEQ_6C8882A174D8,High,97.5,High
2113,SEQ_7C9B7F2CE241,High,86.5,High
2114,SEQ_FC108E639372,High,88.75,High
2115,SEQ_6EBFFAD5D4DD,Medium,79.25,Medium
2116,SEQ_CB4546124434,High,85.75,High
2117,SEQ_6E799EED7F3F,High,89.62,High
2118,SEQ_E5F7AC23BADF,High,91.88,High
2119,SEQ_1F8F9C55A669,High,91.75,High
2120,SEQ_F9230ED9A515,High,88.12,High
2121,SEQ_0CF1D2C05B71,High,90.75,High
2122,SEQ_2BBD5BCF8834,Medium,86.88,High
2123,SEQ_E80DC297FF65,High,95.25,High
2124,SEQ_D78882D87E43,High,97.5,High
2125,SEQ_70A9331BB6B1,Medium,80.62,High
2126,SEQ_EBAB59E5F92F,High,89.62,High
2127,SEQ_59275446F9E3,High,86.88,High
2128,SEQ_3775281A35FF,Medium,81.75,High
2129,SEQ_6D4E17492234,Medium,81.75,High
2130,SEQ_C03C280E359D,Medium,83.75,High
2131,SEQ_686236602EF6,Medium,88.12,High
2132,SEQ_EF36C0218058,High,97.5,High
2133,SEQ_511BD9A4832E,High,91.75,High
2134,SEQ_0172B54C30A4,High,87.38,High
2135,SEQ_17979E357BAA,Medium,81.75,High
2136,SEQ_5DF9BB8679FD,High,91.88,High
2137,SEQ_3476A43EA9D4,High,91.88,High
2138,SEQ_45E82E415AE7,High,96.38,High
2139,SEQ_3317D22B1969,Medium,85.75,High
2140,SEQ_71C45AA0CE18,High,86.88,High
2141,SEQ_B3E41003C4B7,High,88.88,High
2142,SEQ_B275D8DF6331,High,93.75,High
2143,SEQ_29469D859757,Medium,80.75,High
2144,SEQ_158063DB5B8C,High,83.25,High
2145,SEQ_E9E84184DA11,High,81.25,High
2146,SEQ_9951F6941678,Medium,88.25,High
2147,SEQ_10203F37C260,High,89.38,High
2148,SEQ_F25B15E320FD,High,93.88,High
2149,SEQ_A898D214EC62,Medium,80.75,High
2150,SEQ_6ABDC49895C7,Medium,85.75,High
2151,SEQ_481FC4DF6296,High,89.38,High
2152,SEQ_FEC05D782AE6,High,85.12,High
2153,SEQ_194BA690B998,Medium,86.88,High
2154,SEQ_BBB1EE4894B9,High,85.75,High
2155,SEQ_DD6BED4BCAFE,High,85.12,High
2156,SEQ_EE0F3BC4D4A8,Medium,80.75,High
2157,SEQ_98EBE001DAB6,High,86.88,High
2158,SEQ_B94F4768D929,Medium,83.75,High
2159,SEQ_A661DC43EE86,High,85.12,High
2160,SEQ_BB32CFA0D18C,Medium,80.75,High
2161,SEQ_0FF043C80B9A,Medium,80.75,High
2162,SEQ_F24F5A37EAB3,High,86.62,High
2163,SEQ_813750FBCDBD,Medium,80.75,High
2164,SEQ_753007E6D5FB,Medium,86.88,High
2165,SEQ_0D1086CE3145,Medium,80.75,High
2166,SEQ_C4D04B24515A,Medium,80.75,High
2167,SEQ_11E6475E2180,High,86.62,High
2168,SEQ_E84DC0012050,High,89.38,High
2169,SEQ_C75B07FCF384,High,89.38,High
2170,SEQ_8CD7346AB2C0,High,86.62,High
2171,SEQ_BAC67A621E81,High,88.88,High
2172,SEQ_0A8C2E128ED2,Medium,89.38,High
2173,SEQ_9AC66982DC77,Medium,80.75,High
2174,SEQ_6D0A61E737DE,Medium,80.75,High
2175,SEQ_C899CD991CD6,Medium,80.75,High
2176,SEQ_CF7639FF0F8D,Medium,80.75,High
2177,SEQ_36B75D4D16DF,High,83.25,High
2178,SEQ_954F398D7B9B,High,97.5,High
2179,SEQ_572BBB972EFA,High,84.25,High
2180,SEQ_BC0BA87FEE45,Medium,88.5,High
2181,SEQ_6335AD7633EF,High,88.12,High
2182,SEQ_644F5D6FCF43,High,97.5,High
2183,SEQ_1F7375A11C83,Medium,80.75,High
2184,SEQ_D62D7B56F4F8,Medium,83.75,High
2185,SEQ_DD5E453570F5,Medium,80.75,High
2186,SEQ_89B53366423E,High,89.25,High
2187,SEQ_14EE4810D0BC,High,86.12,High
2188,SEQ_2F19CF097061,High,91.88,High
2189,SEQ_A92B904BDC6B,High,93.88,High
2190,SEQ_D34F54C2E1F6,High,97.5,High
2191,SEQ_9CC5D9C3F524,High,97.5,High
2192,SEQ_FDF0EB56112D,High,97.5,High
2193,SEQ_73A68C73260F,High,89.62,High
2194,SEQ_0FA091DDDA92,High,91.25,High
2195,SEQ_F68249F8D192,High,91.25,High
2196,SEQ_69A6F5EC6F49,High,91.25,High
2197,SEQ_693D7AA2DF9B,High,88.75,High
2198,SEQ_AA17D2CC46F2,High,88.12,High
2199,SEQ_E431EECD9D23,High,91.88,High
2200,SEQ_A3EEE5B4C089,Medium,83.75,High
2201,SEQ_393357BB9636,High,89.62,High
2202,SEQ_76E64CA1F8F6,High,91.88,High
2203,SEQ_B5B7277046AE,High,95.25,High
2204,SEQ_C3236758CF68,High,88.12,High
2205,SEQ_2DE0078C8F31,Medium,83.75,High
2206,SEQ_25614663F7B7,High,93.75,High
2207,SEQ_135DA4810B8B,High,91.75,High
2208,SEQ_B4C1F235B86F,High,91.25,High
2209,SEQ_B4C0C610F906,High,88.75,High
2210,SEQ_8062D9F728A5,High,91.25,High
2211,SEQ_9C227000D3B1,High,91.25,High
2212,SEQ_21124D6A7F40,High,88.75,High
2213,SEQ_4BE1E980AB96,High,92.75,High
2214,SEQ_CD152BDDBBFF,High,89.38,High
2215,SEQ_5C3A1A13DE6F,High,86.88,High
2216,SEQ_4B34591D2760,Low,39.25,Low
2217,SEQ_F83530844192,Low,47.12,Low
2218,SEQ_00AFAC5B1BA0,Medium,78.0,Medium
2219,SEQ_7EA2F350E62E,Low,48.25,Low
2221,SEQ_991264F1F4F5,Medium,80.5,High
2222,SEQ_4BAD7B905DF9,Medium,79.12,Medium
2223,SEQ_0F9483CFDCF2,Low,55.0,Low
2224,SEQ_63D2AE7290AC,Low,55.62,Low
2225,SEQ_1A8794130A86,Low,67.75,Medium
2226,SEQ_3921C0C85EA5,Low,65.0,Medium
2227,SEQ_EAF3E1EE5981,Medium,78.12,Medium
2228,SEQ_E7FAD932019A,Medium,85.12,High
2229,SEQ_6A55F2806ABF,Medium,92.12,High
2233,SEQ_9759A8D50425,High,90.88,High
2235,SEQ_40CF56EE6C75,Medium,75.88,Medium
2236,SEQ_FE06F9287CB0,High,89.25,High
2237,SEQ_A18F0C60B292,High,89.38,High
2238,SEQ_E285E7272920,High,91.88,High
2239,SEQ_5D22FA76D5E6,High,96.88,High
2240,SEQ_2DBE914E4A7E,High,91.25,High
2241,SEQ_BF703EAA9A30,High,91.38,High
2242,SEQ_8F7897A2FA28,Medium,71.62,Medium
2243,SEQ_1373D0FA0950,Low,62.75,Medium
2245,SEQ_A34B57F8877C,Low,43.62,Low
2247,SEQ_FF19E1C1FC97,High,94.38,High
2248,SEQ_E2AA955A37D3,High,94.38,High
2249,SEQ_C354A77FA1B3,Low,48.75,Low
2250,SEQ_D777B01E3E6D,Low,50.62,Low
2251,SEQ_6E739005888F,Low,51.38,Low
2252,SEQ_60619EA04453,High,86.75,High
2253,SEQ_1C28C6A2C5FC,High,86.75,High
2254,SEQ_92F24AFD3A71,High,86.88,High
2255,SEQ_E8B9DCA8C41E,Low,41.25,Low
2256,SEQ_719F08252B2B,Low,39.38,Low
2257,SEQ_2B1425341E26,Low,56.5,Low
2258,SEQ_C34CD9754CB7,Low,49.62,Low
2259,SEQ_827C690ED84F,Low,45.5,Low
2260,SEQ_6831A647B0A0,Low,36.88,Low
2261,SEQ_8B1E80953CCC,Low,50.0,Low
2262,SEQ_F6A8E78522A7,Low,49.75,Low
2263,SEQ_8E59DE2ED1C6,Low,69.88,Medium
2265,SEQ_1FE557F41343,Low,52.62,Low
2266,SEQ_DDE8D62D6BB0,Low,49.25,Low
2267,SEQ_0EC71A6FD666,Low,63.12,Medium
2268,SEQ_6C82BD1EC8EF,Low,57.75,Low
2269,SEQ_E2BB10D33DC3,Medium,80.62,High
2270,SEQ_2CAD62698D3C,Low,70.5,Medium
2271,SEQ_4E0929D0FF59,Low,64.88,Medium
2272,SEQ_074089DEE083,Low,41.75,Low
2273,SEQ_5C50CB1D7BA7,Low,56.88,Low
2274,SEQ_E5EACB6828FF,Low,56.88,Low
2277,SEQ_503B852A7852,Low,48.12,Low
2278,SEQ_3A6489A0C0A2,Low,55.0,Low
2279,SEQ_F08C96FF31FE,Low,53.75,Low
2280,SEQ_45BF7E4B6D3A,Low,63.25,Medium
2281,SEQ_18854A6B72B6,Low,53.12,Low
2282,SEQ_23700A42EB1F,Low,47.5,Low
2283,SEQ_A09D2D169299,High,95.5,High
2284,SEQ_B5D6AF55FD35,Low,75.5,Medium
2285,SEQ_BD57FABC632B,Medium,85.0,High
2286,SEQ_FB1247C55BDD,High,89.38,High
2287,SEQ_8E007DFFA637,Low,48.12,Low
2288,SEQ_22C219809ECD,Low,45.75,Low
2289,SEQ_45703F039401,Low,48.0,Low
2290,SEQ_1DBB7449C8C2,Low,48.88,Low
2291,SEQ_6DD11B54B7E4,Low,41.75,Low
2292,SEQ_CC42F766571A,Low,69.0,Medium
2293,SEQ_DEE0C7146FEC,Low,71.5,Medium
2294,SEQ_2C2E05FC0E24,Low,80.0,High
2295,SEQ_B81B4C40E619,Medium,73.62,Medium
2296,SEQ_2AF902ACD127,Medium,80.75,High
2297,SEQ_4750188A9841,Medium,79.5,Medium
2298,SEQ_21C9D7E24706,Low,69.5,Medium
2299,SEQ_FD828BA2C925,Medium,77.0,Medium
2300,SEQ_52C7367965AA,Low,70.62,Medium
2301,SEQ_CF387BA777B9,High,92.75,High
2302,SEQ_7F6603CEC264,Medium,73.25,Medium
2304,SEQ_E0FD465FCD72,High,91.88,High
2305,SEQ_8A15155577F9,Low,56.25,Low
2319,SEQ_EDA02708F257,Medium,88.25,High
2320,SEQ_DD994728E2DE,Medium,76.25,Medium
2322,SEQ_4DFDE1C019D0,Low,65.5,Medium
2323,SEQ_596190FC9248,Low,55.25,Low
2325,SEQ_FE36E3653E64,Medium,86.88,High
2326,SEQ_0BF607134B7A,High,83.62,High
2327,SEQ_E697D42B9F58,High,95.0,High
2328,SEQ_A345B06DD9AA,Medium,82.88,High
2329,SEQ_7C086D962507,High,97.5,High
2330,SEQ_5970B26A7222,High,96.38,High
2331,SEQ_60C293903050,High,100.0,High
2332,SEQ_159684BF2544,High,97.5,High
2333,SEQ_259DF549436A,High,95.0,High
2334,SEQ_E24C45DBB9DC,High,93.25,High
2336,SEQ_E74695AA2DDF,Low,71.12,Medium
2337,SEQ_CA50655242E2,Low,64.38,Medium
2338,SEQ_763E0AB9BD56,Low,69.88,Medium
2339,SEQ_1296C05FA5FC,Low,34.62,Low
2340,SEQ_E0FE6C275712,Medium,68.12,Medium
2344,SEQ_496B17143498,Medium,68.5,Medium
2345,SEQ_74CFA9D0C71F,Medium,73.88,Medium
2346,SEQ_336F8F190F33,High,89.62,High
2347,SEQ_73C634364DCF,Low,47.38,Low
2348,SEQ_E416D789DD17,High,91.25,High
2349,SEQ_C7026D25EBC9,High,82.0,High
2351,SEQ_D7BE338F5190,Low,53.12,Low
2352,SEQ_8E1AC4744898,Low,40.75,Low
2353,SEQ_D7E2182DEF3A,Low,60.62,Medium
2354,SEQ_F1689E76A313,High,97.5,High
2355,SEQ_95114C4FEE02,Medium,84.88,High
2356,SEQ_40A6A53B7014,Medium,84.88,High
2357,SEQ_36FCF8B9D0BC,High,93.0,High
2358,SEQ_18365E887B7F,High,93.75,High
2359,SEQ_E2DA1C6990F4,Medium,88.5,High
2360,SEQ_E43D51ABAE5E,High,94.38,High
2361,SEQ_5FC37F5DD30A,Medium,77.0,Medium
2362,SEQ_E9F8984F94DE,High,85.88,High
2363,SEQ_E78D5A1F49FA,High,93.75,High
2364,SEQ_876601D889FC,High,93.88,High
2365,SEQ_9DFF8EE39F13,Medium,84.62,High
2366,SEQ_B70D0050A195,Medium,78.0,Medium
2367,SEQ_90F4FC547D86,Medium,78.0,Medium
2368,SEQ_54569C53567D,Medium,83.5,High
2369,SEQ_A44C0A9A7B84,Medium,89.88,High
2370,SEQ_79331A030E1A,Low,74.88,Medium
2371,SEQ_D1FAD35F06CC,Medium,71.88,Medium
2372,SEQ_07029C614CC0,Medium,71.88,Medium
2373,SEQ_31173C9AEF13,Medium,84.62,High
2374,SEQ_C79DACDFF3B2,Low,34.38,Low
2375,SEQ_193E26E55FD3,High,97.5,High
2376,SEQ_D49CC10EFC68,High,97.5,High
2377,SEQ_68B014FAF562,High,100.0,High
2378,SEQ_6F2FF8398079,High,96.38,High
2379,SEQ_D7402AAD47B3,High,97.5,High
2380,SEQ_AF90135291BB,High,97.5,High
2381,SEQ_FDDA3CEAE96D,High,97.5,High
2382,SEQ_E919995DC0F6,High,97.5,High
2383,SEQ_614C1ECADDEF,High,97.5,High
2384,SEQ_9C02C24F169F,High,97.5,High
2385,SEQ_70D1AA01FB1B,High,97.5,High
2386,SEQ_305ED8E0E088,High,95.25,High
2387,SEQ_BD72275995DB,High,97.5,High
2388,SEQ_E7863757A5FD,High,97.5,High
2389,SEQ_979975C89B07,High,97.5,High
2390,SEQ_668F2E3064B0,High,97.5,High
2391,SEQ_88D9AE535036,High,97.5,High
2392,SEQ_A7B436650152,High,97.5,High
2393,SEQ_8379433E37D3,High,97.5,High
2394,SEQ_216ECC7C0BE7,High,100.0,High
2395,SEQ_E58FDF482892,High,100.0,High
2396,SEQ_25189BF0CAA6,High,97.5,High
2397,SEQ_FCFC36F563FF,High,97.5,High
2398,SEQ_1F2E8383AF87,High,97.5,High
2399,SEQ_AF8B5C3C7046,High,97.5,High
2400,SEQ_FB4512E3750F,High,96.38,High
2401,SEQ_CCDE4B12340C,High,97.5,High
2406,SEQ_7A968DE5EE89,High,96.38,High
2407,SEQ_4C581C735D66,High,97.5,High
2408,SEQ_0BE08EDEB74A,High,100.0,High
2409,SEQ_9B1D4DCB49FC,High,97.5,High
2410,SEQ_2371FF190E59,High,100.0,High
2411,SEQ_3F7E486B05BB,High,100.0,High
2412,SEQ_EC3038D9A2AD,High,97.5,High
2413,SEQ_D829522EE6CE,High,97.5,High
2414,SEQ_E91A162C795B,High,97.5,High
2415,SEQ_3983C9C9221B,High,97.5,High
2416,SEQ_C7646A9528D4,High,97.5,High
2417,SEQ_E62CDC0FD132,High,97.5,High
2418,SEQ_A45B05CF0E93,High,97.5,High
2419,SEQ_4A3288BEF4B4,High,89.25,High
2420,SEQ_80F9E8A9461E,High,96.38,High
2421,SEQ_883B06962EE3,High,89.25,High
2422,SEQ_BB5E79B4CDEB,High,95.0,High
2423,SEQ_40CD7CAF9C11,High,91.75,High
2424,SEQ_DC277CFF6EA9,High,91.25,High
2425,SEQ_36F4FBC730D6,High,92.75,High
2426,SEQ_AFB81BFDEF1F,High,93.25,High
2427,SEQ_2BA4A85BB9C0,High,95.25,High
2428,SEQ_DE0C332A8726,High,97.5,High
2429,SEQ_4E54D5B465E8,High,96.38,High
2430,SEQ_167EDC627867,High,91.75,High
2431,SEQ_CD5E8EA03DA1,High,91.25,High
2432,SEQ_F0BA120B4594,High,97.5,High
2433,SEQ_EC2712DA813D,High,94.25,High
2434,SEQ_A3AE97DBC7E4,High,91.75,High
2435,SEQ_8C8C02D02BFC,High,95.25,High
2436,SEQ_34FEC2FA6127,High,91.75,High
2437,SEQ_D7CD748FC31E,High,91.75,High
2438,SEQ_C25C7B552641,High,96.38,High
2439,SEQ_ED1362A81DCE,High,97.5,High
2440,SEQ_8ECA7B6173DF,High,91.88,High
2441,SEQ_6B32ED7CA835,High,96.38,High
2442,SEQ_F3F5FF18D304,High,91.75,High
2443,SEQ_FABD33B710BB,High,91.88,High
2444,SEQ_AC3CB3320561,High,97.5,High
2445,SEQ_0A7C997FCCFF,High,91.88,High
2446,SEQ_22FBCC51B7C6,High,100.0,High
2447,SEQ_CE9EB7144139,High,100.0,High
2448,SEQ_7230774D9449,High,93.75,High
2449,SEQ_4EF06E0B7685,High,97.5,High
2450,SEQ_6ABFDBC7FAFC,High,97.5,High
2452,SEQ_22C968113954,Medium,89.88,High
2453,SEQ_905544FC9331,High,98.88,High
2454,SEQ_FE102D461733,High,93.25,High
2455,SEQ_040DD4290898,High,87.5,High
2456,SEQ_10041B51055E,High,90.75,High
2457,SEQ_2FA4194D5AB0,High,95.0,High
2458,SEQ_2DF00A30C236,High,95.0,High
2459,SEQ_0079AF6801A3,High,93.25,High
2460,SEQ_70B98E0DB744,High,93.25,High
2461,SEQ_9C649E2E9783,High,97.5,High
2462,SEQ_B5B7535C3F63,High,93.25,High
2463,SEQ_5FCFCD808414,High,93.25,High
2464,SEQ_F1E31F02123C,High,90.75,High
2465,SEQ_2BE8A1D27C12,High,87.62,High
2466,SEQ_8B336D580B2E,High,97.5,High
2467,SEQ_0C529D0794F1,High,95.0,High
2468,SEQ_51A205C3B9D0,High,97.5,High
2469,SEQ_492150FC44AC,High,97.5,High
2470,SEQ_F3121A57B91C,High,97.5,High
2471,SEQ_B105A39801BC,High,100.0,High
2472,SEQ_2E0C086D1824,High,100.0,High
2473,SEQ_79C4A29F2014,High,96.38,High
2474,SEQ_E9E9BB383F0C,High,96.38,High
2475,SEQ_BD8E55C259EF,High,93.88,High
2476,SEQ_80AC6CC8EA69,High,97.5,High
2477,SEQ_12BCD4EA6B3A,High,100.0,High
2478,SEQ_9586F6E24742,High,97.5,High
2479,SEQ_FE58DE1FFCC3,High,97.5,High
2480,SEQ_962823A75F82,High,97.5,High
2481,SEQ_8D966DC1012D,High,100.0,High
2482,SEQ_00643245CCDD,High,97.5,High
2483,SEQ_FE79332060EB,High,97.5,High
2484,SEQ_53CAAB9241F2,High,96.38,High
2485,SEQ_CA2376AB9CE8,High,97.5,High
2486,SEQ_406F3752AC75,High,97.5,High
2487,SEQ_587DE02C2EC0,High,97.5,High
2488,SEQ_B65937BF33C8,High,95.0,High
2489,SEQ_B66066037745,High,97.5,High
2490,SEQ_934623C62754,High,97.5,High
2491,SEQ_FA1A834FF0CA,High,100.0,High
2492,SEQ_3E39B6A2EBD4,High,97.5,High
2493,SEQ_70399C2B8EFA,High,97.5,High
2494,SEQ_50313E682477,High,100.0,High
2495,SEQ_C8AEE1DB6143,High,97.5,High
2496,SEQ_056BFDD91519,High,97.5,High
2497,SEQ_2F62B664FAF6,High,97.5,High
2498,SEQ_4B5F0E5BCB09,High,97.5,High
2499,SEQ_F58BC3279279,High,97.5,High
2500,SEQ_EDAED5DB363C,High,95.0,High
2501,SEQ_1C9C71450638,High,100.0,High
2502,SEQ_B297D6843A45,High,97.5,High
2503,SEQ_3048A56C5C78,High,95.0,High
2504,SEQ_5AF6F56DC48C,High,97.5,High
2505,SEQ_F06B27F93319,High,97.5,High
2506,SEQ_FDA6F59F6984,High,97.5,High
2507,SEQ_AD29FE64AD9A,High,97.5,High
2508,SEQ_A23894BF208A,High,97.5,High
2509,SEQ_5768C522B25E,High,97.5,High
2510,SEQ_DFC42DEF399D,High,97.5,High
2511,SEQ_CE6E5D8586B8,High,97.5,High
2512,SEQ_5F40E2489B50,High,95.0,High
2513,SEQ_6A5AEB983D3F,High,95.0,High
2514,SEQ_AB15274EDD48,High,95.0,High
2515,SEQ_0E51BD02083E,High,95.0,High
2516,SEQ_4B9096E346C5,High,97.5,High
2517,SEQ_3AC7D6960881,High,97.5,High
2518,SEQ_C59AA3E8E452,High,100.0,High
2519,SEQ_8407F47A39AC,High,100.0,High
2520,SEQ_92D486881589,High,95.0,High
2521,SEQ_7D70A3233CCC,High,100.0,High
2522,SEQ_2438B1E21279,High,97.5,High
2523,SEQ_B81C2560544B,High,97.5,High
2524,SEQ_620FFE3FB4F9,High,97.5,High
2525,SEQ_D1EA1099B4AC,High,95.0,High
2526,SEQ_2CC59FF1E405,High,100.0,High
2527,SEQ_55DDF589AD28,High,97.5,High
2528,SEQ_12F044E386DC,High,97.5,High
2529,SEQ_A25A47715852,High,97.5,High
2530,SEQ_A4210A92B796,High,95.0,High
2531,SEQ_D8FF9A3EC54B,High,93.25,High
2532,SEQ_A625871EE561,High,90.75,High
2533,SEQ_881D66DBBF4E,High,90.75,High
2534,SEQ_2E9352DDAFD1,High,90.75,High
2535,SEQ_0A6E16A5F0B5,High,89.62,High
2536,SEQ_902873BBFF13,High,91.25,High
2537,SEQ_98A0149BAF91,High,90.75,High
2538,SEQ_F1A2D326BF52,High,89.62,High
2539,SEQ_D9738D88947D,High,100.0,High
2540,SEQ_35A7DBE27662,High,95.25,High
2541,SEQ_346CCC06EC6A,High,93.25,High
2542,SEQ_93DF2400C2DB,High,95.25,High
2543,SEQ_EBEDF2912663,High,97.5,High
2544,SEQ_2F03CA99DE6B,High,97.5,High
2545,SEQ_2B3AFE57556F,High,93.25,High
2546,SEQ_8A1B7D03FD03,High,90.75,High
2547,SEQ_63784B6FD3BA,Medium,68.5,Medium
2548,SEQ_A72091D532A5,High,92.75,High
2549,SEQ_5E0360EB6E26,Low,54.62,Low
2550,SEQ_E3315CC5252A,High,93.75,High
2551,SEQ_9F3C08183DB3,Medium,77.88,Medium
2552,SEQ_2BD3310BCB41,High,97.75,High
2553,SEQ_57A5E1A0AD15,High,97.75,High
2554,SEQ_BFD29435A4F9,High,97.75,High
2555,SEQ_8336DE889958,Low,46.88,Low
2556,SEQ_5DDF22BEC967,High,86.38,High
2557,SEQ_93F81E690B4A,Low,54.38,Low
2558,SEQ_2496C8A2ABE5,Low,50.75,Low
2559,SEQ_2E1406220C4B,Low,65.88,Medium
2562,SEQ_58C21E1B7A13,Low,54.25,Low
2564,SEQ_AF0FAD669CBC,Low,46.12,Low
2566,SEQ_E7F7E28E94D0,High,88.0,High
2567,SEQ_14F79E6665D2,Medium,85.38,High
2572,SEQ_368EAEA97F8D,High,86.12,High
2573,SEQ_2FA8786F47D3,High,86.12,High
2574,SEQ_1B99659683DB,High,86.12,High
2575,SEQ_0EF2DFD47632,Low,71.88,Medium
2577,SEQ_50048BE51365,High,89.38,High
2578,SEQ_19A7156B60C7,High,89.38,High
2579,SEQ_8A066B338674,Medium,81.12,High
2580,SEQ_13DDBA604FF3,Low,71.88,Medium
