identifier_id,protein_id,id_type,id_value,status
ID_00001,13,UniProt,P00982,Reviewed
ID_00002,13,UniProt_Entry,VKTHD_DENAN,
ID_00003,19,UniProt,P83257,Reviewed
ID_00004,19,PDB,1V91,
ID_00005,19,UniProt_Entry,T3D1B_PIRLC,
ID_00006,25,UniProt,P0CY66,Reviewed
ID_00007,25,PDB,5ZNU,
ID_00008,25,UniProt_Entry,O168_CONBU,
ID_00009,36,PDB,2ASK,
ID_00010,38,UniProt,P82228,Reviewed
ID_00011,38,PDB,1DL0,
ID_00012,38,UniProt_Entry,TK1C_HADVE,
ID_00013,42,UniProt,B3EWH0,Reviewed
ID_00014,42,PDB,2MZF,
ID_00015,42,UniProt_Entry,TXPR2_ALOMR,
ID_00016,46,PDB,4GN3,
ID_00017,51,PDB,8AJ7,
ID_00018,62,PDB,5ML9,
ID_00019,76,PDB,1ZDB,
ID_00020,77,PDB,5JBT,
ID_00021,85,PDB,4GN4,
ID_00022,88,PDB,4BQD,
ID_00023,89,UniProt,P01478,Reviewed
ID_00024,89,PDB,1QDP,
ID_00025,89,UniProt_Entry,TXDT1_ATRRO,
ID_00026,99,PDB,1ADZ,
ID_00027,105,PDB,1ZA8,
ID_00028,106,PDB,1YP8,
ID_00029,128,PDB,1MJV,
ID_00030,132,PDB,1Q3J,
ID_00031,146,PDB,2ML7,
ID_00032,154,PDB,1ZR0,
ID_00033,162,PDB,1IRH,
ID_00034,169,UniProt,P49268,Reviewed
ID_00035,169,PDB,2M36,
ID_00036,169,UniProt_Entry,TXP3_APOSC,
ID_00037,178,PDB,1HA9,
ID_00038,185,PDB,6MM4,
ID_00039,222,PDB,1MR0,
ID_00040,227,PDB,1TEN,
ID_00041,232,UniProt,P0DL72,Reviewed
ID_00042,232,PDB,6MK5,
ID_00043,232,UniProt_Entry,TX15_GRAPO,
ID_00044,233,UniProt,P84507,Reviewed
ID_00045,233,PDB,6BR0,
ID_00046,233,UniProt_Entry,TX1_CERMR,
ID_00047,234,UniProt,P84508,Reviewed
ID_00048,234,PDB,6BTV,
ID_00049,234,UniProt_Entry,TX2_CERMR,
ID_00050,235,UniProt,P0DRJ2,Reviewed
ID_00051,235,PDB,7SKC,
ID_00052,235,UniProt_Entry,TX1A_SELSX,
ID_00053,241,UniProt,P60513,Reviewed
ID_00054,241,PDB,1G1P,
ID_00055,241,UniProt_Entry,U6A_CONER,
ID_00056,243,UniProt,P0CC13,Reviewed
ID_00057,243,UniProt_Entry,O16B_CONCN,
ID_00058,249,PDB,4WXV,
ID_00059,253,PDB,1UUB,
ID_00060,266,PDB,5HSF,
ID_00061,273,PDB,1ADZ,
ID_00062,274,PDB,1ADZ,
ID_00063,277,UniProt,C0HJS1,Reviewed
ID_00064,277,UniProt_Entry,CYC14_CLITE,
ID_00065,278,UniProt,C0HJS0,Reviewed
ID_00066,278,UniProt_Entry,CYC13_CLITE,
ID_00067,291,PDB,6MM4,
ID_00068,295,PDB,2DDJ,
ID_00069,297,PDB,3M7Q,
ID_00070,307,PDB,1MB6,
ID_00071,312,UniProt,P0DOC5,Reviewed
ID_00072,312,PDB,6V6T,
ID_00073,312,UniProt_Entry,TX1B_HETMC,
ID_00074,314,UniProt,P83480,Reviewed
ID_00075,314,PDB,2M9L,
ID_00076,314,UniProt_Entry,TXPR1_THRPR,
ID_00077,317,UniProt,P60514,Reviewed
ID_00078,317,PDB,1LMM,
ID_00079,317,UniProt_Entry,TXP1_PSACA,
ID_00080,322,UniProt,C0HLB2,Reviewed
ID_00081,322,PDB,6A5I,
ID_00082,322,UniProt_Entry,VKT_PSEPC,
ID_00083,325,PDB,1IRH,
ID_00084,329,PDB,1ZR0,
ID_00085,330,PDB,1ZR0,
ID_00086,392,PDB,1KNT,
ID_00087,419,UniProt,P24541,Reviewed
ID_00088,419,UniProt_Entry,VKT_ERIMA,
ID_00089,424,UniProt,G3TCD7,unreviewed
ID_00090,424,UniProt_Entry,G3TCD7_LOXAF,
ID_00091,428,PDB,1JJS,
ID_00092,432,PDB,7ZMX,
ID_00093,441,PDB,2M2R,
ID_00094,442,PDB,2M2Q,
ID_00095,444,PDB,1H9H,
ID_00096,448,PDB,1H9H,
ID_00097,469,PDB,2N8B,
ID_00098,505,PDB,6MSL,
ID_00099,508,PDB,2M7T,
ID_00100,513,PDB,2ETI,
ID_00101,514,PDB,2ETI,
ID_00102,516,PDB,6MSU,
ID_00103,518,PDB,6MM4,
ID_00104,545,PDB,1MR0,
ID_00105,546,PDB,1MR0,
ID_00106,553,PDB,1MR0,
ID_00107,563,PDB,1HYK,
ID_00108,566,PDB,1H9H,
ID_00109,570,UniProt,C0HKH4,Reviewed
ID_00110,570,UniProt_Entry,CYC1_CHACT,
ID_00111,571,UniProt,P60254,Reviewed
ID_00112,571,PDB,1C6W,
ID_00113,571,UniProt_Entry,CAMAU_SCOPA,
ID_00114,603,UniProt,B3EWF1,Reviewed
ID_00115,603,UniProt_Entry,PABR1_PALRI,
ID_00116,608,PDB,2MT8,
ID_00117,612,PDB,1HA9,
ID_00118,613,PDB,1HA9,
ID_00119,618,PDB,5WOW,
ID_00120,634,UniProt,P85135,Reviewed
ID_00121,634,UniProt_Entry,KAB17_OLDAF,
ID_00122,635,UniProt,P85134,Reviewed
ID_00123,635,UniProt_Entry,KAB16_OLDAF,
ID_00124,638,UniProt,P82230,Reviewed
ID_00125,638,PDB,1NBJ,
ID_00126,638,UniProt_Entry,CYO1_VIOOD,
ID_00127,646,UniProt,P86901,Reviewed
ID_00128,646,UniProt_Entry,CYCO_CLITE,
ID_00129,647,UniProt,P84641,Reviewed
ID_00130,647,UniProt_Entry,CIRC_CHAPA,
ID_00131,649,UniProt,C0HKG3,Reviewed
ID_00132,649,UniProt_Entry,CYC11_CLITE,
ID_00133,655,UniProt,P58436,Reviewed
ID_00134,655,UniProt_Entry,CYO4_VIOOD,
ID_00135,658,UniProt,P83840,Reviewed
ID_00136,658,UniProt_Entry,VITA_VIOAR,
ID_00137,660,UniProt,P58435,Reviewed
ID_00138,660,UniProt_Entry,CYO3_VIOOD,
ID_00139,661,UniProt,P58441,Reviewed
ID_00140,661,UniProt_Entry,CYO9_VIOOD,
ID_00141,665,UniProt,P58442,Reviewed
ID_00142,665,UniProt_Entry,CYO10_VIOOD,
ID_00143,685,UniProt,P86847,Reviewed
ID_00144,685,UniProt_Entry,CYCG_CLITE,
ID_00145,717,PDB,1PT4,
ID_00146,718,UniProt,P85240,Reviewed
ID_00147,718,UniProt_Entry,CYVB_VIOBI,
ID_00148,719,UniProt,P85231,Reviewed
ID_00149,719,PDB,2KUK,
ID_00150,719,UniProt_Entry,VHL2_VIOHE,
ID_00151,731,PDB,7K7X,
ID_00152,732,PDB,1KAL,
ID_00153,759,PDB,2J6D,
ID_00154,762,UniProt,C0HK32,Reviewed
ID_00155,762,UniProt_Entry,CYML5_MELLF,
ID_00156,763,UniProt,C0HJS7,Reviewed
ID_00157,763,UniProt_Entry,CYC20_CLITE,
ID_00158,772,PDB,5CVW,
ID_00159,779,PDB,2AGM,
ID_00160,780,PDB,2RSD,
ID_00161,786,PDB,6YR8,
ID_00162,787,PDB,7NY8,
ID_00163,788,PDB,2D46,
ID_00164,789,UniProt,C0HJF3,Reviewed
ID_00165,789,UniProt_Entry,VKT2D_RADCR,
ID_00166,790,UniProt,C0HJF4,Reviewed
ID_00167,790,UniProt_Entry,VKT2C_RADCR,
ID_00168,805,PDB,2HA1,
ID_00169,852,UniProt,P85127,Reviewed
ID_00170,852,UniProt_Entry,KAB9_OLDAF,
ID_00171,853,UniProt,C0HJS3,Reviewed
ID_00172,853,UniProt_Entry,CYC16_CLITE,
ID_00173,854,UniProt,C0HJS6,Reviewed
ID_00174,854,UniProt_Entry,CYC19_CLITE,
ID_00175,856,PDB,2B38,
ID_00176,872,UniProt,P84638,Reviewed
ID_00177,872,UniProt_Entry,CYVB_LEOCM,
ID_00178,931,UniProt,P86849,Reviewed
ID_00179,931,UniProt_Entry,CYC17_CLITE,
ID_00180,933,PDB,1HA9,
ID_00181,936,PDB,2N8B,
ID_00182,938,PDB,2N8B,
ID_00183,942,PDB,1KTX,
ID_00184,946,UniProt,P84637,Reviewed
ID_00185,946,UniProt_Entry,CYVA_LEOCM,
ID_00186,952,UniProt,P56879,Reviewed
ID_00187,952,PDB,2ERI,
ID_00188,952,UniProt_Entry,CIRB_CHAPA,
ID_00189,953,UniProt,P86843,Reviewed
ID_00190,953,UniProt_Entry,CYCC_CLITE,
ID_00191,960,PDB,6XAY,
ID_00192,962,PDB,4OV6,
ID_00193,986,PDB,2MT8,
ID_00194,987,PDB,4U32,
ID_00195,995,UniProt,P86862,Reviewed
ID_00196,995,UniProt_Entry,VKT1_ANTEL,
ID_00197,1007,PDB,1Y62,
ID_00198,1008,UniProt,P61095,Reviewed
ID_00199,1008,PDB,2MF3,
ID_00200,1008,UniProt_Entry,SFI1_SEGFL,
ID_00201,1013,UniProt,P84642,Reviewed
ID_00202,1013,UniProt_Entry,CIRD_CHAPA,
ID_00203,1018,UniProt,P25660,Reviewed
ID_00204,1018,PDB,1JC6,
ID_00205,1018,UniProt_Entry,VKT9_BUNFA,
ID_00206,1022,PDB,1ADZ,
ID_00207,1031,PDB,4GN5,
ID_00208,1040,PDB,2ETI,
ID_00209,1055,PDB,4M6A,
ID_00210,1056,PDB,4LPT,
ID_00211,1165,UniProt,Q9FFF5,Reviewed
ID_00212,1165,PDB,5Y20,
ID_00213,1165,UniProt_Entry,ALFL1_ARATH,
ID_00214,1183,UniProt,F4KE59,Reviewed
ID_00215,1183,UniProt_Entry,PAIP2_ARATH,
ID_00216,1184,UniProt,F4IYH6,Reviewed
ID_00217,1184,UniProt_Entry,AIPP2_ARATH,
ID_00218,1199,UniProt,O16119,Reviewed
ID_00219,1199,PDB,1EZG,
ID_00220,1199,UniProt_Entry,ANPY1_TENMO,
ID_00221,1201,PDB,1YVB,
ID_00222,1206,PDB,1G96,
ID_00223,1209,PDB,7BOF,
ID_00224,1210,UniProt,B3H615,Reviewed
ID_00225,1210,PDB,9M4S,
ID_00226,1210,UniProt_Entry,ING2_ARATH,
ID_00227,1211,PDB,7BOF,
ID_00228,1213,UniProt,P25810,Reviewed
ID_00229,1213,PDB,1C4E,
ID_00230,1213,UniProt_Entry,GUR_GYMSY,
ID_00231,1219,UniProt,Q7RTV0,Reviewed
ID_00232,1219,PDB,5IFE,
ID_00233,1219,UniProt_Entry,PHF5A_HUMAN,
ID_00234,1228,UniProt,C9JG63,unreviewed
ID_00235,1228,PDB,2JP2,
ID_00236,1228,UniProt_Entry,C9JG63_HUMAN,
ID_00237,1231,UniProt,Q8T4F7,Reviewed
ID_00238,1231,UniProt_Entry,ENA_DROME,
ID_00239,1233,UniProt,Q9FMS5,Reviewed
ID_00240,1233,UniProt_Entry,MS1_ARATH,
ID_00241,1234,UniProt,P14280,Reviewed
ID_00242,1234,PDB,1XG2,
ID_00243,1234,UniProt_Entry,PME1_SOLLC,
ID_00244,1235,UniProt,Q67V61,Reviewed
ID_00245,1235,UniProt_Entry,PTC1_ORYSJ,
ID_00246,1236,UniProt,O49006,Reviewed
ID_00247,1236,UniProt_Entry,PME3_ARATH,
ID_00248,1237,UniProt,Q9UIL8,Reviewed
ID_00249,1237,UniProt_Entry,PHF11_HUMAN,
ID_00250,1238,UniProt,A6H5X4,Reviewed
ID_00251,1238,UniProt_Entry,PHF11_MOUSE,
ID_00252,1240,UniProt,Q9Z1B8,Reviewed
ID_00253,1240,PDB,5XFQ,
ID_00254,1240,UniProt_Entry,PHF1_MOUSE,
ID_00255,1272,UniProt,O23147,Reviewed
ID_00256,1272,UniProt_Entry,ADPG1_ARATH,
ID_00257,1273,UniProt,Q8RY29,Reviewed
ID_00258,1273,PDB,7B8B,
ID_00259,1273,UniProt_Entry,ADPG2_ARATH,
ID_00260,1276,PDB,4N6L,
ID_00261,1285,PDB,6YR8,
ID_00262,1286,PDB,6YXW,
ID_00263,1287,PDB,7NY8,
ID_00264,1288,UniProt,P81294,Reviewed
ID_00265,1288,PDB,1PXZ,
ID_00266,1288,UniProt_Entry,PLY1_JUNAS,
ID_00267,1289,PDB,8V57,
ID_00268,1297,UniProt,P0CH95,Reviewed
ID_00269,1297,UniProt_Entry,PHF8_DANRE,
ID_00270,1306,UniProt,Q9LVQ0,Reviewed
ID_00271,1306,UniProt_Entry,PME31_ARATH,
ID_00272,1310,UniProt,Q9WTU0,Reviewed
ID_00273,1310,PDB,3KQI,
ID_00274,1310,UniProt_Entry,PHF2_MOUSE,
ID_00275,1328,UniProt,Q2HY54,Reviewed
ID_00276,1328,PDB,2FQA,
ID_00277,1328,UniProt_Entry,VIOLA_VIOOD,
ID_00278,1336,UniProt,Q9UGI8,Reviewed
ID_00279,1336,PDB,2XQN,
ID_00280,1336,UniProt_Entry,TES_HUMAN,
ID_00281,1344,UniProt,O94880,Reviewed
ID_00282,1344,UniProt_Entry,PHF14_HUMAN,
ID_00283,1346,UniProt,Q86YI8,Reviewed
ID_00284,1346,PDB,3O70,
ID_00285,1346,UniProt_Entry,PHF13_HUMAN,
ID_00286,1347,UniProt,Q8K2W6,Reviewed
ID_00287,1347,PDB,3O70,
ID_00288,1347,UniProt_Entry,PHF13_MOUSE,
ID_00289,1348,UniProt,P18632,Reviewed
ID_00290,1348,UniProt_Entry,PLY1_CRYJA,
ID_00291,1352,UniProt,P42127,Reviewed
ID_00292,1352,PDB,1Y7J;1Y7K;2KZA;2L1J,
ID_00293,1352,UniProt_Entry,ASIP_HUMAN,
ID_00294,1356,UniProt,Q44493,Reviewed
ID_00295,1356,PDB,2PYG,
ID_00296,1356,UniProt_Entry,ALGE4_AZOVI,
ID_00297,1357,UniProt,Q9ZFH0,Reviewed
ID_00298,1357,PDB,5LW3,
ID_00299,1357,UniProt_Entry,ALGE6_AZOVI,
ID_00300,1359,UniProt,O81488,Reviewed
ID_00301,1359,PDB,1WE9,
ID_00302,1359,UniProt_Entry,ALFL4_ARATH,
ID_00303,1360,UniProt,Q9UK96,Reviewed
ID_00304,1360,UniProt_Entry,FBX10_HUMAN,
ID_00305,1361,UniProt,Q6ZQF7,Reviewed
ID_00306,1361,UniProt_Entry,JADE2_MOUSE,
ID_00307,1368,UniProt,Q5XEM9,Reviewed
ID_00308,1368,UniProt_Entry,ALFL5_ARATH,
ID_00309,1369,UniProt,Q8LA16,Reviewed
ID_00310,1369,PDB,5XVJ,
ID_00311,1369,UniProt_Entry,ALFL7_ARATH,
ID_00312,1370,UniProt,Q8S8M9,Reviewed
ID_00313,1370,UniProt_Entry,ALFL6_ARATH,
ID_00314,1371,UniProt,Q40359,Reviewed
ID_00315,1371,UniProt_Entry,ALFIN_MEDSA,
ID_00316,1373,UniProt,P0CY85,Reviewed
ID_00317,1373,UniProt_Entry,VKTB1_CONBU,
ID_00318,1374,UniProt,P0C1X2,Reviewed
ID_00319,1374,PDB,1Y62,
ID_00320,1374,UniProt_Entry,VKTS1_CONST,
ID_00321,1378,UniProt,P83947,Reviewed
ID_00322,1378,UniProt_Entry,PME1_FICPW,
ID_00323,1382,UniProt,Q6ZPK0,Reviewed
ID_00324,1382,UniProt_Entry,PF21A_MOUSE,
ID_00325,1386,UniProt,Q70UR4,unreviewed
ID_00326,1386,PDB,4AKL;6Z0O,
ID_00327,1386,UniProt_Entry,Q70UR4_9VIRU,
ID_00328,1388,UniProt,Q54I18,Reviewed
ID_00329,1388,UniProt_Entry,SMEK_DICDI,
ID_00330,1390,UniProt,Q3TTP0,Reviewed
ID_00331,1390,UniProt_Entry,SHP1L_MOUSE,
ID_00332,1392,UniProt,Q9CXG9,Reviewed
ID_00333,1392,UniProt_Entry,PHF19_MOUSE,
ID_00334,1393,UniProt,Q9VIP0,Reviewed
ID_00335,1393,UniProt_Entry,NESD_DROME,
ID_00336,1397,UniProt,Q9ZFG9,Reviewed
ID_00337,1397,UniProt_Entry,ALGE7_AZOVI,
ID_00338,1398,UniProt,Q5R896,Reviewed
ID_00339,1398,UniProt_Entry,EVL_PONAB,
ID_00340,1399,UniProt,O08719,Reviewed
ID_00341,1399,UniProt_Entry,EVL_RAT,
ID_00342,1405,PDB,1DDW,
ID_00343,1406,UniProt,Q2KJ56,Reviewed
ID_00344,1406,PDB,1DDW,
ID_00345,1406,UniProt_Entry,HOME1_BOVIN,
ID_00346,1407,UniProt,Q9Z214,Reviewed
ID_00347,1407,PDB,1I2H,
ID_00348,1407,UniProt_Entry,HOME1_RAT,
ID_00349,1408,UniProt,Q9Z2Y3,Reviewed
ID_00350,1408,PDB,1I2H,
ID_00351,1408,UniProt_Entry,HOME1_MOUSE,
ID_00352,1409,UniProt,Q86YM7,Reviewed
ID_00353,1409,PDB,1I2H,
ID_00354,1409,UniProt_Entry,HOME1_HUMAN,
ID_00355,1410,UniProt,Q9NSB8,Reviewed
ID_00356,1410,UniProt_Entry,HOME2_HUMAN,
ID_00357,1411,UniProt,Q9QWW1,Reviewed
ID_00358,1411,PDB,5ZZ9,
ID_00359,1411,UniProt_Entry,HOME2_MOUSE,
ID_00360,1412,UniProt,O88801,Reviewed
ID_00361,1412,UniProt_Entry,HOME2_RAT,
ID_00362,1414,PDB,7QRZ,
ID_00363,1427,UniProt,P68425,Reviewed
ID_00364,1427,PDB,2JOT,
ID_00365,1427,UniProt_Entry,VKT1A_CYRSC,
ID_00366,1428,UniProt,P27762,Reviewed
ID_00367,1428,UniProt_Entry,PLY4_AMBAR,
ID_00368,1430,UniProt,P91621,Reviewed
ID_00369,1430,UniProt_Entry,SIF1_DROME,
ID_00370,1435,UniProt,Q6ZJM9,Reviewed
ID_00371,1435,UniProt_Entry,EHD3_ORYSJ,
ID_00372,1442,UniProt,D2Y2G0,Reviewed
ID_00373,1442,UniProt_Entry,VKTI1_CYRHA,
ID_00374,1443,UniProt,D2Y2G2,Reviewed
ID_00375,1443,UniProt_Entry,VKTK1_CYRHA,
ID_00376,1444,UniProt,D2Y2F8,Reviewed
ID_00377,1444,UniProt_Entry,VKTG1_CYRHA,
ID_00378,1445,UniProt,D2Y2C2,Reviewed
ID_00379,1445,UniProt_Entry,VKTA1_CYRHA,
ID_00380,1446,UniProt,D2Y2F3,Reviewed
ID_00381,1446,UniProt_Entry,VKT2_CYRHA,
ID_00382,1447,UniProt,P0DJ72,Reviewed
ID_00383,1447,UniProt_Entry,VKT68_CYRHA,
ID_00384,1448,UniProt,D2Y2F4,Reviewed
ID_00385,1448,UniProt_Entry,VKTC1_CYRHA,
ID_00386,1449,UniProt,D2Y2F5,Reviewed
ID_00387,1449,UniProt_Entry,VKT4_CYRHA,
ID_00388,1450,UniProt,D2Y2F9,Reviewed
ID_00389,1450,UniProt_Entry,VKTH1_CYRHA,
ID_00390,1451,UniProt,D2Y2F7,Reviewed
ID_00391,1451,UniProt_Entry,VKTF1_CYRHA,
ID_00392,1452,UniProt,B2ZBC0,Reviewed
ID_00393,1452,UniProt_Entry,VKTG9_CYRSC,
ID_00394,1453,UniProt,P0DMJ1,Reviewed
ID_00395,1453,UniProt_Entry,VKT39_CYRSC,
ID_00396,1454,UniProt,P0DJ75,Reviewed
ID_00397,1454,UniProt_Entry,VKT2_CYRSC,
ID_00398,1455,UniProt,P0DJ79,Reviewed
ID_00399,1455,UniProt_Entry,VKT13_CYRSC,
ID_00400,1456,UniProt,P0DJ85,Reviewed
ID_00401,1456,UniProt_Entry,VKT45_CYRSC,
ID_00402,1457,UniProt,P0DJ81,Reviewed
ID_00403,1457,UniProt_Entry,VKT24_CYRSC,
ID_00404,1458,UniProt,B2ZBB9,Reviewed
ID_00405,1458,UniProt_Entry,VKTG6_CYRSC,
ID_00406,1459,UniProt,P0DJ80,Reviewed
ID_00407,1459,UniProt_Entry,VKT22_CYRSC,
ID_00408,1460,UniProt,P55201,Reviewed
ID_00409,1460,PDB,6U04,
ID_00410,1460,UniProt_Entry,BRPF1_HUMAN,
ID_00411,1463,UniProt,Q80TL4,Reviewed
ID_00412,1463,UniProt_Entry,PHF24_MOUSE,
ID_00413,1465,PDB,1BL4,
ID_00414,1470,PDB,1FNF,
ID_00415,1471,PDB,6XAY,
ID_00416,1480,PDB,3QWQ,
ID_00417,1481,PDB,3QWQ,
ID_00418,1494,UniProt,Q84WM7,Reviewed
ID_00419,1494,UniProt_Entry,PPME1_ARATH,
ID_00420,1495,UniProt,Q2UHL4,Reviewed
ID_00421,1495,UniProt_Entry,PGLR1_ASPOR,
ID_00422,1498,UniProt,O74213,Reviewed
ID_00423,1498,PDB,1IA5,
ID_00424,1498,UniProt_Entry,PGLR1_ASPAC,
ID_00425,1499,UniProt,P26214,Reviewed
ID_00426,1499,PDB,1CZF,
ID_00427,1499,UniProt_Entry,PGLR2_ASPNA,
ID_00428,1500,UniProt,Q9P359,Reviewed
ID_00429,1500,UniProt_Entry,PGLR2_ASPAW,
ID_00430,1526,UniProt,P0A722,Reviewed
ID_00431,1526,PDB,1LXA,
ID_00432,1526,UniProt_Entry,LPXA_ECOLI,
ID_00433,1527,UniProt,Q6NYK3,Reviewed
ID_00434,1527,UniProt_Entry,SPRE2_DANRE,
ID_00435,1529,PDB,2KQ8,
ID_00436,1531,UniProt,Q5MFV8,Reviewed
ID_00437,1531,UniProt_Entry,PME5_ARATH,
ID_00438,1533,UniProt,P0C8W3,Reviewed
ID_00439,1533,UniProt_Entry,VKT11_HOFGE,
ID_00440,1535,PDB,1DVC,
ID_00441,1544,UniProt,P0C5I2,Reviewed
ID_00442,1544,UniProt_Entry,GMPPB_PIG,
ID_00443,1546,UniProt,Q6DBU5,Reviewed
ID_00444,1546,UniProt_Entry,GMPPB_DANRE,
ID_00445,1548,UniProt,P60590,Reviewed
ID_00446,1548,PDB,1KOZ,
ID_00447,1548,UniProt_Entry,WGRTX_GRARO,
ID_00448,1549,UniProt,D2Y2D1,Reviewed
ID_00449,1549,PDB,2JTB,
ID_00450,1549,UniProt_Entry,H3A09_CYRHA,
ID_00451,1550,UniProt,D2Y232,Reviewed
ID_00452,1550,PDB,1NIY,
ID_00453,1550,UniProt_Entry,H4A01_CYRHA,
ID_00454,1551,UniProt,D2Y233,Reviewed
ID_00455,1551,PDB,1NIY,
ID_00456,1551,UniProt_Entry,H4A02_CYRHA,
ID_00457,1552,UniProt,D2Y1X6,Reviewed
ID_00458,1552,PDB,1NIX,
ID_00459,1552,UniProt_Entry,H1A01_CYRHA,
ID_00460,1553,UniProt,D2Y1X8,Reviewed
ID_00461,1553,PDB,1NIX,
ID_00462,1553,UniProt_Entry,H1A03_CYRHA,
ID_00463,1555,UniProt,D2Y2D3,Reviewed
ID_00464,1555,PDB,2JTB,
ID_00465,1555,UniProt_Entry,H3A11_CYRHA,
ID_00466,1562,UniProt,D2Y2D2,Reviewed
ID_00467,1562,PDB,2JTB,
ID_00468,1562,UniProt_Entry,H3A10_CYRHA,
ID_00469,1563,UniProt,D2Y2D7,Reviewed
ID_00470,1563,PDB,1NIY,
ID_00471,1563,UniProt_Entry,H4A03_CYRHA,
ID_00472,1564,UniProt,D2Y1Y0,Reviewed
ID_00473,1564,PDB,2JTB,
ID_00474,1564,UniProt_Entry,H3A02_CYRHA,
ID_00475,1565,UniProt,D2Y1Y2,Reviewed
ID_00476,1565,PDB,2JTB,
ID_00477,1565,UniProt_Entry,H3A04_CYRHA,
ID_00478,1566,UniProt,D2Y1Y3,Reviewed
ID_00479,1566,PDB,2JTB,
ID_00480,1566,UniProt_Entry,H3A05_CYRHA,
ID_00481,1568,UniProt,B1P1E2,Reviewed
ID_00482,1568,PDB,2A2V,
ID_00483,1568,UniProt_Entry,JZ11D_CHIGU,
ID_00484,1573,UniProt,P86716,Reviewed
ID_00485,1573,PDB,2N86,
ID_00486,1573,UniProt_Entry,SPN1A_OXYTA,
ID_00487,1574,PDB,6MRQ,
ID_00488,1581,UniProt,P0DMJ5,Reviewed
ID_00489,1581,UniProt_Entry,VKT2E_RADCR,
ID_00490,1582,UniProt,B2G331,Reviewed
ID_00491,1582,UniProt_Entry,VKT2B_RADCR,
ID_00492,1585,UniProt,Q8GCB2,Reviewed
ID_00493,1585,UniProt_Entry,PTLY_BACLI,
ID_00494,1586,PDB,2MYH,
ID_00495,1588,UniProt,P39116,Reviewed
ID_00496,1588,PDB,1BN8,
ID_00497,1588,UniProt_Entry,PLY_BACSU,
ID_00498,1591,PDB,3SYX,
ID_00499,1593,UniProt,Q9U655,Reviewed
ID_00500,1593,PDB,1FU3,
ID_00501,1593,UniProt_Entry,O16K0_CONTE,
ID_00502,1597,UniProt,X5IWS1,Reviewed
ID_00503,1597,PDB,2N8H,
ID_00504,1597,UniProt_Entry,O17J_CONGE,
ID_00505,1598,PDB,6CEG,
ID_00506,1599,UniProt,P01522,Reviewed
ID_00507,1599,PDB,1OMC,
ID_00508,1599,UniProt_Entry,O16A_CONGE,
ID_00509,1601,UniProt,P05484,Reviewed
ID_00510,1601,PDB,1FEO,
ID_00511,1601,UniProt_Entry,O17A_CONMA,
ID_00512,1604,UniProt,Q46079,Reviewed
ID_00513,1604,PDB,1OFL,
ID_00514,1604,UniProt_Entry,CSLB_PEDHD,
ID_00515,1605,UniProt,Q94CB1,Reviewed
ID_00516,1605,UniProt_Entry,PME25_ARATH,
ID_00517,1609,UniProt,Q6ZPI0,Reviewed
ID_00518,1609,PDB,8GDX,
ID_00519,1609,UniProt_Entry,JADE1_MOUSE,
ID_00520,1612,UniProt,Q5E9T7,Reviewed
ID_00521,1612,PDB,8GDX,
ID_00522,1612,UniProt_Entry,JADE1_BOVIN,
ID_00523,1613,UniProt,Q92613,Reviewed
ID_00524,1613,UniProt_Entry,JADE3_HUMAN,
ID_00525,1614,UniProt,Q6IE82,Reviewed
ID_00526,1614,UniProt_Entry,JADE3_MOUSE,
ID_00527,1626,UniProt,P0DJ46,Reviewed
ID_00528,1626,PDB,2M01,
ID_00529,1626,UniProt_Entry,VKT21_LYCMC,
ID_00530,1627,UniProt,P0DJ45,Reviewed
ID_00531,1627,UniProt_Entry,VKT22_LYCMC,
ID_00532,1631,UniProt,P0C589,Reviewed
ID_00533,1631,PDB,1YP8,
ID_00534,1631,UniProt_Entry,TRIC_VIOAR,
ID_00535,1636,UniProt,Q7YT39,Reviewed
ID_00536,1636,PDB,1LU8,
ID_00537,1636,UniProt_Entry,MTX4_GRARO,
ID_00538,1637,UniProt,Q9BWX1,Reviewed
ID_00539,1637,UniProt_Entry,PHF7_HUMAN,
ID_00540,1640,UniProt,Q9FM79,Reviewed
ID_00541,1640,UniProt_Entry,PME62_ARATH,
ID_00542,1641,UniProt,P49126,Reviewed
ID_00543,1641,PDB,2MI5,
ID_00544,1641,UniProt_Entry,TXI92_DIGCA,
ID_00545,1649,UniProt,B1P1F7,Reviewed
ID_00546,1649,PDB,8CIQ,
ID_00547,1649,UniProt_Entry,JZT34_CHIGU,
ID_00548,1650,UniProt,B1P1D9,Reviewed
ID_00549,1650,PDB,2A2V,
ID_00550,1650,UniProt_Entry,JZ11F_CHIGU,
ID_00551,1651,UniProt,P0C247,Reviewed
ID_00552,1651,PDB,2A2V,
ID_00553,1651,UniProt_Entry,JZ11A_CHIGU,
ID_00554,1652,UniProt,B1P1E0,Reviewed
ID_00555,1652,PDB,2A2V,
ID_00556,1652,UniProt_Entry,JZ11C_CHIGU,
ID_00557,1653,UniProt,B1P1E3,Reviewed
ID_00558,1653,PDB,2A2V,
ID_00559,1653,UniProt_Entry,JZ11E_CHIGU,
ID_00560,1654,UniProt,B1P1E1,Reviewed
ID_00561,1654,PDB,2A2V,
ID_00562,1654,UniProt_Entry,JZ11B_CHIGU,
ID_00563,1658,UniProt,P0C1A7,Reviewed
ID_00564,1658,PDB,1RU4,
ID_00565,1658,UniProt_Entry,PLYL_DICD3,
ID_00566,1659,UniProt,Q01172,Reviewed
ID_00567,1659,PDB,1IDJ,
ID_00568,1659,UniProt_Entry,PELA_ASPNG,
ID_00569,1664,UniProt,Q7SXB5,Reviewed
ID_00570,1664,UniProt_Entry,PF23B_DANRE,
ID_00571,1665,UniProt,Q5HZN9,Reviewed
ID_00572,1665,UniProt_Entry,PF23A_XENLA,
ID_00573,1666,UniProt,Q5U5E5,Reviewed
ID_00574,1666,UniProt_Entry,PHF23_XENTR,
ID_00575,1668,PDB,1FNA,
ID_00576,1673,UniProt,Q922H4,Reviewed
ID_00577,1673,UniProt_Entry,GMPPA_MOUSE,
ID_00578,1676,UniProt,P0C1A9,Reviewed
ID_00579,1676,PDB,2NTB,
ID_00580,1676,UniProt_Entry,PMEA_DICD3,
ID_00581,1677,UniProt,Q93Z04,Reviewed
ID_00582,1677,UniProt_Entry,PLY13_ARATH,
ID_00583,1678,UniProt,Q9WYR4,Reviewed
ID_00584,1678,PDB,3ZSC,
ID_00585,1678,UniProt_Entry,PTLY_THEMA,
ID_00586,1681,PDB,5L2H,
ID_00587,1702,PDB,7T82,
ID_00588,1732,PDB,7T87,
ID_00589,1757,UniProt,Q8RXK7,Reviewed
ID_00590,1757,UniProt_Entry,PME41_ARATH,
ID_00591,1758,UniProt,O00253,Reviewed
ID_00592,1758,PDB,1HYK,
ID_00593,1758,UniProt_Entry,AGRP_HUMAN,
ID_00594,1766,UniProt,O22149,Reviewed
ID_00595,1766,UniProt_Entry,PME17_ARATH,
ID_00596,1770,PDB,4N6V,
ID_00597,1771,UniProt,P40881,Reviewed
ID_00598,1771,PDB,1QQ0,
ID_00599,1771,UniProt_Entry,CAH_METTT,
ID_00600,1772,UniProt,Q5BA93,Reviewed
ID_00601,1772,UniProt_Entry,PLYL_EMENI,
ID_00602,1774,UniProt,P0DJ50,Reviewed
ID_00603,1774,UniProt_Entry,VKT31_OLIMR,
ID_00604,1777,UniProt,D8KY58,Reviewed
ID_00605,1777,UniProt_Entry,VKT_BOMTE,
ID_00606,1780,UniProt,A5K4Z2,unreviewed
ID_00607,1780,PDB,5NQG;8QUS;8REK,
ID_00608,1780,UniProt_Entry,A5K4Z2_PLAVS,
ID_00609,1786,UniProt,Q9UPP1,Reviewed
ID_00610,1786,PDB,3KV4,
ID_00611,1786,UniProt_Entry,PHF8_HUMAN,
ID_00612,1787,UniProt,P70315,Reviewed
ID_00613,1787,UniProt_Entry,WASP_MOUSE,
ID_00614,1788,UniProt,Q887Q3,Reviewed
ID_00615,1788,PDB,4NK6,
ID_00616,1788,UniProt_Entry,ALGG_PSESM,
ID_00617,1795,UniProt,Q51371,Reviewed
ID_00618,1795,UniProt_Entry,ALGG_PSEAE,
ID_00619,1798,UniProt,Q09908,Reviewed
ID_00620,1798,UniProt_Entry,PHF2_SCHPO,
ID_00621,1799,UniProt,O36027,Reviewed
ID_00622,1799,UniProt_Entry,WSP1_SCHPO,
ID_00623,1806,PDB,4U3H,
ID_00624,1810,UniProt,Q7X6Y7,Reviewed
ID_00625,1810,UniProt_Entry,MMD1_ARATH,
ID_00626,1818,UniProt,J7QLC0,Reviewed
ID_00627,1818,PDB,7RAH,
ID_00628,1818,UniProt_Entry,CYAA_BORP1,
ID_00629,1819,UniProt,P07268,Reviewed
ID_00630,1819,PDB,1SRP,
ID_00631,1819,UniProt_Entry,PRZN_SERME,
ID_00632,1826,PDB,2CH9,
ID_00633,1828,UniProt,Q00001,Reviewed
ID_00634,1828,PDB,1RMG,
ID_00635,1828,UniProt_Entry,RHGA_ASPAC,
ID_00636,1829,UniProt,P56676,Reviewed
ID_00637,1829,PDB,1QK6,
ID_00638,1829,UniProt_Entry,TXH1_CYRSC,
ID_00639,1843,UniProt,G5E8P1,Reviewed
ID_00640,1843,UniProt_Entry,BRD1_MOUSE,
ID_00641,1845,UniProt,Q6AXW4,Reviewed
ID_00642,1845,UniProt_Entry,PHF7_RAT,
ID_00643,1846,PDB,5OHV,
ID_00644,1847,PDB,5OHL,
ID_00645,1848,UniProt,D8VPP5,Reviewed
ID_00646,1848,UniProt_Entry,AL11A_OLEEU,
ID_00647,1849,UniProt,Q9SMY7,Reviewed
ID_00648,1849,UniProt_Entry,PME44_ARATH,
ID_00649,1852,UniProt,Q922R5,Reviewed
ID_00650,1852,UniProt_Entry,P4R3B_MOUSE,
ID_00651,1854,UniProt,Q7ZX60,Reviewed
ID_00652,1854,UniProt_Entry,P4R3A_XENLA,
ID_00653,1856,UniProt,Q5Y171,Reviewed
ID_00654,1856,UniProt_Entry,SPRE2_XENTR,
ID_00655,1860,UniProt,F1MH60,unreviewed
ID_00656,1860,UniProt_Entry,F1MH60_BOVIN,
ID_00657,1861,UniProt,A6HP93,unreviewed
ID_00658,1861,UniProt_Entry,A6HP93_RAT,
ID_00659,1864,UniProt,H0WS48,unreviewed
ID_00660,1864,PDB,3SYX,
ID_00661,1864,UniProt_Entry,H0WS48_OTOGA,
ID_00662,1865,PDB,3SYX,
ID_00663,1866,UniProt,Q7Z699,Reviewed
ID_00664,1866,PDB,3SYX,
ID_00665,1866,UniProt_Entry,SPRE1_HUMAN,
ID_00666,1867,UniProt,H2NMS8,unreviewed
ID_00667,1867,PDB,3SYX,
ID_00668,1867,UniProt_Entry,H2NMS8_PONAB,
ID_00669,1874,UniProt,Q924S8,Reviewed
ID_00670,1874,UniProt_Entry,SPRE1_MOUSE,
ID_00671,1875,UniProt,E2GMY6,unreviewed
ID_00672,1875,UniProt_Entry,E2GMY6_MACMU,
ID_00673,1877,UniProt,Q03173,Reviewed
ID_00674,1877,PDB,1EVH,
ID_00675,1877,UniProt_Entry,ENAH_MOUSE,
ID_00676,1879,UniProt,Q64GL0,Reviewed
ID_00677,1879,UniProt_Entry,EVL_XENLA,
ID_00678,1880,UniProt,Q9UI08,Reviewed
ID_00679,1880,UniProt_Entry,EVL_HUMAN,
ID_00680,1881,UniProt,P70429,Reviewed
ID_00681,1881,PDB,1QC6,
ID_00682,1881,UniProt_Entry,EVL_MOUSE,
ID_00683,1882,UniProt,Q5TJ65,Reviewed
ID_00684,1882,UniProt_Entry,VASP_DICDI,
ID_00685,1883,UniProt,P50552,Reviewed
ID_00686,1883,PDB,1EGX,
ID_00687,1883,UniProt_Entry,VASP_HUMAN,
ID_00688,1884,UniProt,P70460,Reviewed
ID_00689,1884,PDB,2V8C,
ID_00690,1884,UniProt_Entry,VASP_MOUSE,
ID_00691,1885,UniProt,P50551,Reviewed
ID_00692,1885,UniProt_Entry,VASP_CANLF,
ID_00693,1886,UniProt,Q2TA49,Reviewed
ID_00694,1886,UniProt_Entry,VASP_BOVIN,
ID_00695,1887,UniProt,Q54KD9,Reviewed
ID_00696,1887,UniProt_Entry,RANG_DICDI,
ID_00697,1888,UniProt,Q9LIQ6,Reviewed
ID_00698,1888,PDB,9M4R,
ID_00699,1888,UniProt_Entry,ING1_ARATH,
ID_00700,1890,UniProt,Q66JG9,Reviewed
ID_00701,1890,PDB,1XOD,
ID_00702,1890,UniProt_Entry,SPRE1_XENTR,
ID_00703,1893,UniProt,A3DHD2,Reviewed
ID_00704,1893,PDB,4PEU;4PHB,
ID_00705,1893,UniProt_Entry,CBDP_ACET2,
ID_00706,1896,PDB,5DZN,
ID_00707,1898,UniProt,Q8CCJ9,Reviewed
ID_00708,1898,UniProt_Entry,P20L1_MOUSE,
ID_00709,1901,UniProt,B3H578,Reviewed
ID_00710,1901,UniProt_Entry,PHD1_ARATH,
ID_00711,1905,UniProt,Q47474,Reviewed
ID_00712,1905,UniProt_Entry,PMEB_DICD3,
ID_00713,1910,PDB,6V65,
ID_00714,1911,UniProt,P87233,Reviewed
ID_00715,1911,UniProt_Entry,PHF1_SCHPO,
ID_00716,1912,UniProt,Q7YZH1,Reviewed
ID_00717,1912,UniProt_Entry,RNO_DROME,
ID_00718,1913,PDB,3L0R,
ID_00719,1914,UniProt,P00987,Reviewed
ID_00720,1914,UniProt_Entry,VKTH1_BUNMU,
ID_00721,1915,UniProt,G9I929,Reviewed
ID_00722,1915,PDB,4NTW,
ID_00723,1915,UniProt_Entry,VKTA_MICTN,
ID_00724,1916,UniProt,P00989,Reviewed
ID_00725,1916,PDB,1BUN,
ID_00726,1916,UniProt_Entry,VKTH2_BUNMU,
ID_00727,1917,UniProt,A8Y7P1,Reviewed
ID_00728,1917,UniProt_Entry,VKTB1_DABSI,
ID_00729,1918,UniProt,H6VC06,Reviewed
ID_00730,1918,UniProt_Entry,VKTK2_DABRR,
ID_00731,1919,UniProt,A8Y7P3,Reviewed
ID_00732,1919,UniProt_Entry,VKTB3_DABSI,
ID_00733,1920,UniProt,A8Y7P4,Reviewed
ID_00734,1920,UniProt_Entry,VKTB4_DABSI,
ID_00735,1921,UniProt,H6VC05,Reviewed
ID_00736,1921,UniProt_Entry,VKTK1_DABRR,
ID_00737,1922,UniProt,P00991,Reviewed
ID_00738,1922,UniProt_Entry,VKT1_VIPAA,
ID_00739,1923,UniProt,C1IC50,Reviewed
ID_00740,1923,UniProt_Entry,VKT1_WALAE,
ID_00741,1924,UniProt,Q5ZPJ7,Reviewed
ID_00742,1924,PDB,2M99,
ID_00743,1924,UniProt_Entry,VKT_NAJAT,
ID_00744,1925,UniProt,I2G9B4,Reviewed
ID_00745,1925,UniProt_Entry,VKT_MACLN,
ID_00746,1926,UniProt,P00992,Reviewed
ID_00747,1926,UniProt_Entry,VKT3_VIPAA,
ID_00748,1927,UniProt,Q90WA1,Reviewed
ID_00749,1927,PDB,3BYB,
ID_00750,1927,UniProt_Entry,VKT1_PSETT,
ID_00751,1928,UniProt,B7S4N9,Reviewed
ID_00752,1928,UniProt_Entry,VKT_OXYSC,
ID_00753,1930,UniProt,O08816,Reviewed
ID_00754,1930,PDB,1MKE,
ID_00755,1930,UniProt_Entry,WASL_RAT,
ID_00756,1932,UniProt,B6RLX2,Reviewed
ID_00757,1932,UniProt_Entry,VKTCT_OPHHA,
ID_00758,1933,UniProt,P82966,Reviewed
ID_00759,1933,UniProt_Entry,VKTCI_OPHHA,
ID_00760,1940,UniProt,Q94251,Reviewed
ID_00761,1940,UniProt_Entry,DRE1_CAEEL,
ID_00762,1944,UniProt,Q9NSC5,Reviewed
ID_00763,1944,PDB,2P8V,
ID_00764,1944,UniProt_Entry,HOME3_HUMAN,
ID_00765,1945,UniProt,Q9Z2X5,Reviewed
ID_00766,1945,UniProt_Entry,HOME3_RAT,
ID_00767,1946,UniProt,Q99JP6,Reviewed
ID_00768,1946,UniProt_Entry,HOME3_MOUSE,
ID_00769,1953,UniProt,Q9XJP3,Reviewed
ID_00770,1953,PDB,2VBE,
ID_00771,1953,UniProt_Entry,FIBER_BPSFV,
ID_00772,1955,UniProt,Q5SP90,Reviewed
ID_00773,1955,UniProt_Entry,PP4R3_DANRE,
ID_00774,1956,UniProt,Q6IN85,Reviewed
ID_00775,1956,PDB,6R8I,
ID_00776,1956,UniProt_Entry,P4R3A_HUMAN,
ID_00777,1958,UniProt,Q3C2P8,Reviewed
ID_00778,1958,PDB,2JP2,
ID_00779,1958,UniProt_Entry,SPRE2_RAT,
ID_00780,1959,UniProt,B3KPL5,unreviewed
ID_00781,1959,PDB,2JP2,
ID_00782,1959,UniProt_Entry,B3KPL5_HUMAN,
ID_00783,1963,UniProt,P31489,Reviewed
ID_00784,1963,PDB,1P9H,
ID_00785,1963,UniProt_Entry,YADA1_YEREN,
ID_00786,1968,UniProt,H0YMN8,unreviewed
ID_00787,1968,PDB,3SYX,
ID_00788,1968,UniProt_Entry,H0YMN8_HUMAN,
ID_00789,1970,PDB,3LH4,
ID_00790,1973,UniProt,Q9VFS5,Reviewed
ID_00791,1973,PDB,4WSF,
ID_00792,1973,UniProt_Entry,PP4R3_DROME,
ID_00793,1976,UniProt,P0DN15,Reviewed
ID_00794,1976,UniProt_Entry,VKTB_ANEVI,
ID_00795,1981,PDB,3SYX,
ID_00796,1985,PDB,1AZP,
ID_00797,1986,UniProt,P31424,Reviewed
ID_00798,1986,PDB,1DDV,
ID_00799,1986,UniProt_Entry,GRM5_RAT,
ID_00800,1987,UniProt,P83303,Reviewed
ID_00801,1987,PDB,1MB6,
ID_00802,1987,UniProt_Entry,TXH4_CYRSC,
ID_00803,1992,UniProt,Q07181,Reviewed
ID_00804,1992,PDB,1HG8,
ID_00805,1992,UniProt_Entry,PGLR_FUSFU,
ID_00806,1993,UniProt,Q2MJR0,Reviewed
ID_00807,1993,UniProt_Entry,SPRE3_HUMAN,
ID_00808,2000,PDB,3SYX,
ID_00809,2001,UniProt,Q9SFB7,Reviewed
ID_00810,2001,UniProt_Entry,QRT2_ARATH,
ID_00811,2028,PDB,2MT8,
ID_00812,2029,PDB,4N6T,
ID_00813,2044,PDB,1MCV,
ID_00814,2053,PDB,1ZR0,
ID_00815,2062,UniProt,P00979,Reviewed
ID_00816,2062,PDB,1DEM,
ID_00817,2062,UniProt_Entry,VKTH1_DENPO,
ID_00818,2063,UniProt,P00980,Reviewed
ID_00819,2063,PDB,1DTX,
ID_00820,2063,UniProt_Entry,VKTHA_DENAN,
ID_00821,2064,PDB,7EQZ,
ID_00822,2065,PDB,1H20,
ID_00823,2067,PDB,2ETI,
ID_00824,2068,PDB,2ETI,
ID_00825,2218,UniProt,P0DM15,Reviewed
ID_00826,2218,PDB,2N7F,
ID_00827,2218,UniProt_Entry,CO6A_CONMF,
ID_00828,2221,UniProt,C0HJU7,Reviewed
ID_00829,2221,UniProt_Entry,VKT2G_RADCR,
ID_00830,2222,UniProt,C0HJU6,Reviewed
ID_00831,2222,UniProt_Entry,VKT2F_RADCR,
ID_00832,2229,UniProt,P00985,Reviewed
ID_00833,2229,UniProt_Entry,VKT2_HEMHA,
ID_00834,2233,PDB,4WXV,
ID_00835,2238,UniProt,C0HLA5,Reviewed
ID_00836,2238,UniProt_Entry,MAMB2_DENVI,
ID_00837,2240,UniProt,P00983,Reviewed
ID_00838,2240,UniProt_Entry,MAMB7_DENPO,
ID_00839,2241,UniProt,C0HLB0,Reviewed
ID_00840,2241,UniProt_Entry,MAMB9_DENVI,
ID_00841,2247,PDB,5MN2,
ID_00842,2248,PDB,5ML9,
ID_00843,2259,PDB,2IT8,
ID_00844,2273,PDB,1IXT,
ID_00845,2277,UniProt,C0HJJ7,Reviewed
ID_00846,2277,UniProt_Entry,TX1A_GRAIH,
ID_00847,2286,UniProt,P00981,Reviewed
ID_00848,2286,PDB,1DTK,
ID_00849,2286,UniProt_Entry,VKTHK_DENPO,
ID_00850,2287,PDB,1HA9,
ID_00851,2290,PDB,2MT8,
ID_00852,2291,PDB,1HA9,
ID_00853,2293,PDB,1SHP,
ID_00854,2294,PDB,3UOU,
ID_00855,2295,UniProt,C0HLP7,Reviewed
ID_00856,2295,UniProt_Entry,CYHEM_PIGEN,
ID_00857,2299,UniProt,P84522,Reviewed
ID_00858,2299,PDB,1ZA8,
ID_00859,2299,UniProt_Entry,VHL1_VIOHE,
ID_00860,2304,PDB,8PK3,
ID_00861,2323,UniProt,P56207,Reviewed
ID_00862,2323,PDB,1AXH,
ID_00863,2323,UniProt_Entry,TO1A_HADVE,
ID_00864,2328,PDB,2LV9,
ID_00865,2338,UniProt,P56855,Reviewed
ID_00866,2338,PDB,1LA4,
ID_00867,2338,UniProt_Entry,TX1_STRGF,
ID_00868,2340,PDB,1KNT,
ID_00869,2346,PDB,4U30,
ID_00870,2355,PDB,4CJ2,
ID_00871,2356,PDB,4CJ1,
ID_00872,2357,PDB,4CJ0,
ID_00873,2371,PDB,1AAP,
ID_00874,2372,PDB,1AAP,
ID_00875,2452,PDB,4GLV,
ID_00876,2548,UniProt,H7C2T4,unreviewed
ID_00877,2548,PDB,2JP2,
ID_00878,2548,UniProt_Entry,H7C2T4_HUMAN,
ID_00879,2552,PDB,4GLA,
ID_00880,2559,UniProt,P81658,Reviewed
ID_00881,2559,PDB,1BF0,
ID_00882,2559,UniProt_Entry,VKTHC_DENAN,
ID_00883,2564,UniProt,P83476,Reviewed
ID_00884,2564,PDB,2N9T,
ID_00885,2564,UniProt_Entry,TXPR2_THRPR,
ID_00886,2575,PDB,2DCW,
ID_00887,2580,PDB,2DCV,
ID_00888,8,PDB,2LG4,
ID_00889,14,PDB,1X5V,
ID_00890,15,PDB,1QK6,
ID_00891,16,PDB,1AG7,
ID_00892,17,PDB,1AG7,
ID_00893,18,PDB,1RMK,
ID_00894,20,PDB,2KHT,
ID_00895,21,PDB,1JU8,
ID_00896,22,PDB,1LMR,
ID_00897,27,PDB,1I26,
ID_00898,30,PDB,6U6G,
ID_00899,33,PDB,1DKC,
ID_00900,39,PDB,2KCG,
ID_00901,44,PDB,2MWR,
ID_00902,59,PDB,1BNB,
ID_00903,61,PDB,5ML9,
ID_00904,63,PDB,2J6D,
ID_00905,64,PDB,1P8B,
ID_00906,66,PDB,1L4V,
ID_00907,67,PDB,1N4N,
ID_00908,68,PDB,1NB1,
ID_00909,69,PDB,1ZMP,
ID_00910,81,PDB,1IXT,
ID_00911,84,PDB,5V7P,
ID_00912,87,PDB,1NBJ,
ID_00913,90,PDB,1VTX,
ID_00914,94,PDB,2MAU,
ID_00915,95,PDB,2MYH,
ID_00916,96,PDB,6CEI,
ID_00917,98,PDB,2MT8,
ID_00918,107,PDB,2ERI,
ID_00919,108,PDB,1BH4,
ID_00920,110,PDB,2KUK,
ID_00921,111,PDB,2B38,
ID_00922,113,PDB,2JWM,
ID_00923,114,PDB,2F2J,
ID_00924,115,PDB,2F2I,
ID_00925,127,PDB,2ROO,
ID_00926,130,PDB,1OMB,
ID_00927,131,PDB,2MI9,
ID_00928,133,PDB,1HTX,
ID_00929,134,PDB,5GSF,
ID_00930,135,PDB,1HVW,
ID_00931,136,PDB,1FYG,
ID_00932,137,PDB,1TT3,
ID_00933,138,PDB,1DW4,
ID_00934,139,PDB,1FEO,
ID_00935,140,PDB,1V4Q,
ID_00936,141,PDB,1OMN,
ID_00937,142,PDB,2KM9,
ID_00938,143,PDB,1MVJ,
ID_00939,144,PDB,1F3K,
ID_00940,147,PDB,2CCO,
ID_00941,148,PDB,1TR6,
ID_00942,149,PDB,1OMC,
ID_00943,175,PDB,2N2G,
ID_00944,176,PDB,2M3J,
ID_00945,180,PDB,1HA9,
ID_00946,193,PDB,1KCP,
ID_00947,194,PDB,2N8E,
ID_00948,195,PDB,1KCP,
ID_00949,206,PDB,1VB8,
ID_00950,211,PDB,1VB8,
ID_00951,213,PDB,1DF6,
ID_00952,215,PDB,1FB9,
ID_00953,218,PDB,2KZA,
ID_00954,219,PDB,1Y7J,
ID_00955,221,PDB,2LOC,
ID_00956,223,PDB,1HYK,
ID_00957,224,PDB,1DFN,
ID_00958,229,PDB,2N9Z,
ID_00959,230,PDB,5IRX,
ID_00960,231,PDB,2LL1,
ID_00961,236,PDB,2MXM,
ID_00962,237,PDB,1MYN,
ID_00963,238,PDB,1KOZ,
ID_00964,239,PDB,1DFN,
ID_00965,240,PDB,1EMX,
ID_00966,242,PDB,1DFN,
ID_00967,256,PDB,2I1T,
ID_00968,264,PDB,1I2U,
ID_00969,265,PDB,1OZZ,
ID_00970,270,PDB,1PX9,
ID_00971,276,PDB,2KVX,
ID_00972,283,PDB,1HCV,
ID_00973,290,PDB,1YC7,
ID_00974,304,PDB,1S6X,
ID_00975,305,PDB,1NIX,
ID_00976,306,PDB,1MB6,
ID_00977,308,PDB,1RYV,
ID_00978,309,PDB,1RYG,
ID_00979,310,PDB,1NIY,
ID_00980,311,PDB,2A2V,
ID_00981,313,PDB,1D1H,
ID_00982,315,PDB,1EIT,
ID_00983,321,PDB,1OMA,
ID_00984,328,PDB,2WH9,
ID_00985,334,PDB,4HUK,
ID_00986,338,PDB,1C4E,
ID_00987,339,PDB,1H20,
ID_00988,340,PDB,1ZA8,
ID_00989,348,PDB,2ERI,
ID_00990,362,PDB,7RMQ,
ID_00991,372,PDB,7RIH,
ID_00992,375,PDB,2KUX,
ID_00993,379,PDB,2FQA,
ID_00994,380,PDB,2KUK,
ID_00995,382,PDB,2B38,
ID_00996,383,PDB,1NB1,
ID_00997,384,PDB,1R1F,
ID_00998,385,PDB,2MW0,
ID_00999,386,PDB,3E4H,
ID_01000,387,PDB,2JWM,
ID_01001,389,PDB,2LAM,
ID_01002,390,PDB,1KAL,
ID_01003,411,PDB,7A6O,
ID_01004,412,PDB,4B50,
ID_01005,422,PDB,1BLF,
ID_01006,423,PDB,2FQC,
ID_01007,425,PDB,2AK0,
ID_01008,426,PDB,2MPQ,
ID_01009,427,PDB,1KAL,
ID_01010,431,PDB,4NXP,
ID_01011,433,PDB,6Q5Z,
ID_01012,434,PDB,7JW7,
ID_01013,440,PDB,2LQA,
ID_01014,445,PDB,2YEN,
ID_01015,446,PDB,6CGX,
ID_01016,447,PDB,2AJW,
ID_01017,462,PDB,2KNP,
ID_01018,464,PDB,2MH1,
ID_01019,465,PDB,2AAP,
ID_01020,468,PDB,2MQU,
ID_01021,476,PDB,2JTB,
ID_01022,477,PDB,2GX1,
ID_01023,480,PDB,1LU8,
ID_01024,481,PDB,1QK7,
ID_01025,482,PDB,1V90,
ID_01026,510,PDB,1W7Z,
ID_01027,512,PDB,1H9I,
ID_01028,515,PDB,2LET,
ID_01029,523,PDB,1S6W,
ID_01030,538,PDB,2MSQ,
ID_01031,579,PDB,1OF9,
ID_01032,583,PDB,5Y0H,
ID_01033,584,PDB,2B68,
ID_01034,585,PDB,1FJN,
ID_01035,596,PDB,2E2S,
ID_01036,597,PDB,2MH1,
ID_01037,600,PDB,6EFE,
ID_01038,601,PDB,3T04,
ID_01039,607,PDB,2MT8,
ID_01040,610,PDB,1HA9,
ID_01041,611,PDB,1HA9,
ID_01042,617,PDB,5WOV,
ID_01043,621,PDB,1FD3,
ID_01044,622,PDB,1KJ6,
ID_01045,625,PDB,2G9L,
ID_01046,626,PDB,2K10,
ID_01047,670,PDB,3E4H,
ID_01048,671,PDB,2L3I,
ID_01049,680,PDB,2NDI,
ID_01050,682,PDB,1TV0,
ID_01051,696,PDB,1NB1,
ID_01052,721,PDB,2M9O,
ID_01053,741,PDB,2MT7,
ID_01054,747,PDB,2JTU,
ID_01055,748,PDB,2JRY,
ID_01056,749,PDB,2JRY,
ID_01057,750,PDB,6QV1,
ID_01058,752,PDB,5DA0,
ID_01059,753,PDB,6TEJ,
ID_01060,754,PDB,5M15,
ID_01061,755,PDB,5M14,
ID_01062,758,PDB,5TCZ,
ID_01063,778,PDB,2H1Z,
ID_01064,782,PDB,3RZW,
ID_01065,801,PDB,5XO4,
ID_01066,803,PDB,2KVX,
ID_01067,808,PDB,2L37,
ID_01068,811,PDB,6QGY,
ID_01069,812,PDB,6QGW,
ID_01070,813,PDB,7C8V,
ID_01071,814,PDB,6QGX,
ID_01072,817,PDB,2OBG,
ID_01073,818,PDB,3CSG,
ID_01074,824,PDB,3CSB,
ID_01075,829,PDB,3K2M,
ID_01076,845,PDB,3QHT,
ID_01077,861,PDB,3UYO,
ID_01078,863,PDB,5E95,
ID_01079,864,PDB,7L0G,
ID_01080,865,PDB,5OC7,
ID_01081,866,PDB,6C83,
ID_01082,867,PDB,6BYN,
ID_01083,868,PDB,6ZZ8,
ID_01084,869,PDB,5G15,
ID_01085,870,PDB,6D0J,
ID_01086,873,PDB,1KAL,
ID_01087,874,PDB,1KAL,
ID_01088,875,PDB,1KAL,
ID_01089,876,PDB,1KAL,
ID_01090,877,PDB,1N1U,
ID_01091,878,PDB,1KAL,
ID_01092,879,PDB,1KAL,
ID_01093,880,PDB,7LHC,
ID_01094,884,PDB,1KAL,
ID_01095,885,PDB,1PT4,
ID_01096,890,PDB,1KAL,
ID_01097,891,PDB,1KAL,
ID_01098,893,PDB,2F2J,
ID_01099,895,PDB,2F2I,
ID_01100,899,PDB,1ORX,
ID_01101,900,PDB,1JJZ,
ID_01102,901,PDB,1JJZ,
ID_01103,902,PDB,2KHB,
ID_01104,903,PDB,2KHB,
ID_01105,904,PDB,1NB1,
ID_01106,905,PDB,1NB1,
ID_01107,906,PDB,1NB1,
ID_01108,907,PDB,1NB1,
ID_01109,908,PDB,2MN1,
ID_01110,909,PDB,1KAL,
ID_01111,910,PDB,1KAL,
ID_01112,911,PDB,1KAL,
ID_01113,919,PDB,1YP8,
ID_01114,927,PDB,2KUX,
ID_01115,928,PDB,2N6R,
ID_01116,929,PDB,2N86,
ID_01117,934,PDB,2PO8,
ID_01118,935,PDB,5WOW,
ID_01119,964,PDB,2KJF,
ID_01120,966,PDB,2N8H,
ID_01121,968,PDB,2N6N,
ID_01122,969,PDB,2KGU,
ID_01123,970,PDB,1NKL,
ID_01124,978,PDB,2KNJ,
ID_01125,985,PDB,2FCG,
ID_01126,999,PDB,2LMZ,
ID_01127,1001,PDB,1KQI,
ID_01128,1002,PDB,1Y29,
ID_01129,1005,PDB,6DHR,
ID_01130,1006,PDB,2GJ0,
ID_01131,1010,PDB,2RI7,
ID_01132,1015,PDB,1OAV,
ID_01133,1026,PDB,2MWT,
ID_01134,1029,PDB,1JKZ,
ID_01135,1030,PDB,6NOM,
ID_01136,1032,PDB,2HLG,
ID_01137,1036,PDB,1HP3,
ID_01138,1037,PDB,1G9P,
ID_01139,1136,PDB,6QEU,
ID_01140,1138,PDB,2KHB,
ID_01141,1160,PDB,2PW8,
ID_01142,1185,PDB,3G9A,
ID_01143,1187,PDB,8SG3,
ID_01144,1191,PDB,8SFZ,
ID_01145,1192,PDB,8G0I,
ID_01146,1193,PDB,8SLC,
ID_01147,1239,PDB,7QCR,
ID_01148,1241,PDB,6RAF,
ID_01149,1249,PDB,3K1K,
ID_01150,1254,PDB,8SFV,
ID_01151,1255,PDB,8SFX,
ID_01152,1258,PDB,7SAI,
ID_01153,1260,PDB,7SAJ,
ID_01154,1261,PDB,8IM0,
ID_01155,1262,PDB,7SAL,
ID_01156,1265,PDB,8BEV,
ID_01157,1267,PDB,6LR7,
ID_01158,1268,PDB,6IR1,
ID_01159,1269,PDB,6ZXN,
ID_01160,1270,PDB,8ILX,
ID_01161,1291,PDB,4S0S,
ID_01162,1326,PDB,1SIS,
ID_01163,1482,PDB,3QWR,
ID_01164,1657,PDB,5OVW,
ID_01165,1794,PDB,1EWS,
ID_01166,1823,PDB,3OGO,
ID_01167,1824,PDB,5GXB,
ID_01168,2012,PDB,2NAJ,
ID_01169,2018,PDB,2KCG,
ID_01170,2019,PDB,7RFA,
ID_01171,2027,PDB,2N8E,
ID_01172,2055,PDB,1GUR,
ID_01173,2075,PDB,6SSI,
ID_01174,2076,PDB,6GJQ,
ID_01175,2079,PDB,5OCL,
ID_01176,2080,PDB,6SSP,
ID_01177,2082,PDB,6HJX,
ID_01178,2084,PDB,6WAQ,
ID_01179,2085,PDB,4S10,
ID_01180,2087,PDB,6GJU,
ID_01181,2088,PDB,6GJS,
ID_01182,2099,PDB,5VNV,
ID_01183,2104,PDB,6GS1,
ID_01184,2107,PDB,6GKD,
ID_01185,2111,PDB,6GJS,
ID_01186,2112,PDB,5NBD,
ID_01187,2122,PDB,6WAR,
ID_01188,2130,PDB,3K1K,
ID_01189,2136,PDB,6ZBP,
ID_01190,2137,PDB,6YZ5,
ID_01191,2141,PDB,7KGK,
ID_01192,2142,PDB,7CZ0,
ID_01193,2148,PDB,6LZ2,
ID_01194,2150,PDB,6I6J,
ID_01195,2170,PDB,6ZBV,
ID_01196,2174,PDB,7KGJ,
ID_01197,2179,PDB,7KKK,
ID_01198,2181,PDB,7KKJ,
ID_01199,2182,PDB,7JVB,
ID_01200,2191,PDB,5IVN,
ID_01201,2200,PDB,6QUZ,
ID_01202,2201,PDB,7KLW,
ID_01203,2210,PDB,3DWT,
ID_01204,2213,PDB,6F2G,
ID_01205,2214,PDB,1UEO,
ID_01206,2216,PDB,1Q2J,
ID_01207,2217,PDB,1V5A,
ID_01208,2223,PDB,1F2S,
ID_01209,2224,PDB,1MCT,
ID_01210,2242,PDB,1DFN,
ID_01211,2243,PDB,2K1I,
ID_01212,2245,PDB,1CZ6,
ID_01213,2249,PDB,2BTC,
ID_01214,2250,PDB,1LU0,
ID_01215,2251,PDB,1PPE,
ID_01216,2252,PDB,2JNI,
ID_01217,2253,PDB,2JSB,
ID_01218,2254,PDB,1C01,
ID_01219,2268,PDB,2FQA,
ID_01220,2269,PDB,2MI5,
ID_01221,2271,PDB,2MI1,
ID_01222,2272,PDB,2MSQ,
ID_01223,2274,PDB,2M36,
ID_01224,2278,PDB,1EYO,
ID_01225,2279,PDB,2MXQ,
ID_01226,2280,PDB,2KNI,
ID_01227,2281,PDB,5I2P,
ID_01228,2282,PDB,5I1X,
ID_01229,2284,PDB,1UT3,
ID_01230,2289,PDB,5WOV,
ID_01231,2301,PDB,2MF3,
ID_01232,2305,PDB,3N57,
ID_01233,2319,PDB,2N8F,
ID_01234,2322,PDB,3N56,
ID_01235,2325,PDB,6H7L,
ID_01236,2326,PDB,5M13,
ID_01237,2327,PDB,2OCF,
ID_01238,2329,PDB,6ZZD,
ID_01239,2330,PDB,6BQO,
ID_01240,2331,PDB,5KVM,
ID_01241,2332,PDB,5N7E,
ID_01242,2334,PDB,5NKQ,
ID_01243,2336,PDB,3N57,
ID_01244,2337,PDB,1XJ1,
ID_01245,2344,PDB,1DFN,
ID_01246,2345,PDB,1DFN,
ID_01247,2347,PDB,1ORX,
ID_01248,2352,PDB,2LO9,
ID_01249,2354,PDB,2C4B,
ID_01250,2358,PDB,1CW5,
ID_01251,2359,PDB,5M94,
ID_01252,2361,PDB,6C9W,
ID_01253,2416,PDB,4MMZ,
ID_01254,2455,PDB,6UX8,
ID_01255,2460,PDB,6WK5,
ID_01256,2486,PDB,7JXU,
ID_01257,2490,PDB,5MTJ,
ID_01258,2494,PDB,4JE4,
ID_01259,2495,PDB,4JEG,
ID_01260,2504,PDB,6BX5,
ID_01261,2511,PDB,5MTM,
ID_01262,2520,PDB,5A43,
ID_01263,2526,PDB,5MTN,
ID_01264,2547,PDB,1DFN,
ID_01265,2549,PDB,1HRT,
ID_01266,2555,PDB,1FU3,
ID_01267,2556,PDB,2N24,
ID_01268,2558,PDB,1WQB,
ID_01269,2562,PDB,1LUP,
ID_01270,2579,PDB,1CIX,
