protein_row_id,structure_unique_sequence_id,pre_refine_Final_Tested_Sequence,pre_refine_Sequence_Length,pre_refine_Sequence_PDB_ID,pre_refine_local_pdb_exact_structure_paths,pre_refine_local_pdb_fasta_paths,pre_refine_structure_locator,pre_refine_pdb_path,pre_refine_chain_id,pre_refine_chain_count,pre_refine_resnum_start,pre_refine_resnum_end,structure_refinement_applied,structure_refinement_status,structure_refinement_notes
36,SEQ_36F7C4C45265,AGGPGSRARAAGARGCRLRSQLVPVRALGLGHRSDELVRFRFCSGSCRRARSPHDLSLASLLGAGALRPPPGSRPVSQPCCRPTRYEAVSFMDVNSTWRTVDRLSATACGCLG,113,2ASK,<local_path_removed>/SEQ_36F7C4C45265_2ASK_full.pdb,<local_path_removed>/SEQ_36F7C4C45265_2ASK.fasta,,,,,,,yes,ok,Updated to chain assignment A
46,SEQ_A03B5F987EAF,AMGSVYPKKTHWTAEITPNLHGTEVVVAGWVASLGDYGRVKIVKVSDREGGAAVSVYLEYGKTPDHLFKVFAELSREDVVVIKGIVEASKAAADMHNGVEIFPSEIWILNKAK,113,4GN3,<local_path_removed>/SEQ_A03B5F987EAF_4GN3_full.pdb,<local_path_removed>/SEQ_A03B5F987EAF_4GN3.fasta,4GN3_F,<local_path_removed>/SEQ_A03B5F987EAF_4GN3_full.pdb,F,1,-3,108,yes,ok,Updated to chain assignment B
62,SEQ_1F68BF7AB035,AQLHSTVRAVPGNENSLEIEELARFAVDEHNKKENALLEFVRVVKAKEQYEDEHWFPGTMYYLTLEAKDGGKKKLYEAKVWVKNTAAPPSHMNFKELQEFKPVGDAAAA,109,5ML9,<local_path_removed>/SEQ_1F68BF7AB035_5ML9_full.pdb,<local_path_removed>/SEQ_1F68BF7AB035_5ML9.fasta,5ML9_B:2-104,<local_path_removed>/SEQ_1F68BF7AB035_5ML9_full.pdb,B,1,2,104,yes,ok,Updated to chain assignment B with slice 2-104
77,SEQ_533D1CE60FB9,AVCSQEAMTGPCRAVMPRWYFDLSKGKCVRFIYGGCGGNRNNFESEDYCMAVCKA,55,5JBT,<local_path_removed>/SEQ_533D1CE60FB9_5JBT_full.pdb,<local_path_removed>/SEQ_533D1CE60FB9_5JBT.fasta,,,,,,,yes,ok,Updated to chain assignment Y
85,SEQ_60892EF90140,AVYPKKTHWTAEITPNLHGSEVVVAGWVAHLGDYGRVKIVKVSDREGGAAVPVYLERGKTPDHLFKVFAELSREDVVVIKGIVEASEQYGSATGVEIFPSEIWILNKA,108,4GN4,<local_path_removed>/SEQ_60892EF90140_4GN4_full.pdb,<local_path_removed>/SEQ_60892EF90140_4GN4.fasta,4GN4_B,<local_path_removed>/SEQ_60892EF90140_4GN4_full.pdb,B,1,0,107,yes,ok,Updated to chain assignment B
88,SEQ_7177C9A563D3,CAFKADDGPCKAIMKRFFFNIFTRQCEEFIYGGCEGNQNRFESLEECKKMC,51,4BQD,<local_path_removed>/SEQ_7177C9A563D3_4BQD_full.pdb,<local_path_removed>/SEQ_7177C9A563D3_4BQD.fasta,4BQD_B:26-76,<local_path_removed>/SEQ_7177C9A563D3_4BQD_full.pdb,B,1,26,76,yes,ok,Updated to chain assignment A with slice 26-76
154,SEQ_3ACC7C7C546C,CLLPLDYGPCRALLLRYYYDRYTQSCRQFLYGGCEGNANNFYTWEACDDAC,51,1ZR0,<local_path_removed>/SEQ_3ACC7C7C546C_1ZR0_full.pdb,<local_path_removed>/SEQ_3ACC7C7C546C_1ZR0.fasta,1ZR0_B:5-55,<local_path_removed>/SEQ_3ACC7C7C546C_1ZR0_full.pdb,B,1,5,55,yes,ok,Updated to chain assignment D with slice 5-55
249,SEQ_D6609B6A249C,DFCLEPPYTGPCKARIIRYFYNAKAGLCQTFVYGGCRAKRNNFKSAEDCMRTTCGGA,57,4WXV,<local_path_removed>/SEQ_D6609B6A249C_4WXV_full.pdb,<local_path_removed>/SEQ_D6609B6A249C_4WXV.fasta,4WXV_C:3-54,<local_path_removed>/SEQ_D6609B6A249C_4WXV_full.pdb,C,1,3,54,yes,ok,Updated to chain assignment I with slice 3-54
297,SEQ_11D89D0E1E25,EAEASICSEPKKVGRCKGYFPRFYFDSETGKCTPFIYGGCGGNGNNFETLHQCRAICRALG,61,3M7Q,<local_path_removed>/SEQ_11D89D0E1E25_3M7Q_full.pdb,<local_path_removed>/SEQ_11D89D0E1E25_3M7Q.fasta,3M7Q_B,<local_path_removed>/SEQ_11D89D0E1E25_3M7Q_full.pdb,B,1,-3,57,yes,ok,Updated to chain assignment B
329,SEQ_A7D1E7F71A02,EICLLPLDYGPCRALLLRYYYDRYTQSCRQFLYGGCEGNANNFYTWEACDDACWRI,56,1ZR0,<local_path_removed>/SEQ_A7D1E7F71A02_1ZR0_full.pdb,<local_path_removed>/SEQ_A7D1E7F71A02_1ZR0.fasta,1ZR0_B:3-58,<local_path_removed>/SEQ_A7D1E7F71A02_1ZR0_full.pdb,B,1,3,58,yes,ok,Updated to chain assignment D with slice 3-58
330,SEQ_F82E6B99CCFE,EICLLPLDYGPCRALLLRYYYDRYTQSCRQFLYGGCEGNANNFYTWEACDDACWRIEKVPKVCRLQVSVDDQCEGSTEKYFFNLSSMTCEKFFSGGCHRNRIENRFPDEATCMGFCAPK,119,1ZR0,<local_path_removed>/SEQ_F82E6B99CCFE_1ZR0_full.pdb,<local_path_removed>/SEQ_F82E6B99CCFE_1ZR0.fasta,,,,,,,yes,ok,Updated to chain assignment D
444,SEQ_2BA2EFE11032,GCCKQDSDCLAGCVCGPNGFCG,22,1H9H,<local_path_removed>/SEQ_2BA2EFE11032_1H9H_full.pdb,<local_path_removed>/SEQ_2BA2EFE11032_1H9H.fasta,1H9H_I:9-28,<local_path_removed>/SEQ_2BA2EFE11032_1H9H_full.pdb,I,1,9,28,yes,ok,Updated to chain assignment E with slice 9-28
448,SEQ_E2112400888A,GCDGSLGDIEPYDSSCKQDSDCLAGCVCGPNGFCGS,36,1H9H,<local_path_removed>/SEQ_E2112400888A_1H9H_full.pdb,<local_path_removed>/SEQ_E2112400888A_1H9H.fasta,,,,,,,yes,ok,Updated to chain assignment E
505,SEQ_7BBD157A4B78,GCPQGRGDWAPTSCKQDSDCLAGCVCGPNGFCGS,34,6MSL,<local_path_removed>/SEQ_7BBD157A4B78_6MSL_full.pdb,<local_path_removed>/SEQ_7BBD157A4B78_6MSL.fasta,6MSL_C:2-33,<local_path_removed>/SEQ_7BBD157A4B78_6MSL_full.pdb,C,1,2,33,yes,ok,Updated to chain assignment C with slice 2-33
516,SEQ_8BC0FD64C2C4,GCPRPRGDNPPLTCKQDSDCLAGCVCGPNGFCG,33,6MSU,<local_path_removed>/SEQ_8BC0FD64C2C4_6MSU_full.pdb,<local_path_removed>/SEQ_8BC0FD64C2C4_6MSU.fasta,6MSU_C,<local_path_removed>/SEQ_8BC0FD64C2C4_6MSU_full.pdb,C,1,2,33,yes,ok,Updated to chain assignment C
566,SEQ_879ED9668089,GCVTGRGDSPASSCKQDSDCLAGCVCGPNGFCG,33,1H9H,<local_path_removed>/SEQ_879ED9668089_1H9H_full.pdb,<local_path_removed>/SEQ_879ED9668089_1H9H.fasta,,,,,,,yes,ok,Updated to chain assignment I
772,SEQ_68F45D55ECBE,GSARDDVLIGDAGANVLNGLAGNDVLSGGAGDDVLLGDEGSDLLSGDAGNDDLFGGQGDDTYLFGVGYGHDTIYESGGGHDTIR,84,5CVW,<local_path_removed>/SEQ_68F45D55ECBE_5CVW_full.pdb,<local_path_removed>/SEQ_68F45D55ECBE_5CVW.fasta,5CVW_A:1529-1612,<local_path_removed>/SEQ_68F45D55ECBE_5CVW_full.pdb,A,1,1529,1612,yes,ok,Updated to chain assignment A with slice 1529-1612
786,SEQ_C9ABBEAADFFD,GSHMTEYKLVVVGAGGVGKSALTIQLIQNHFVDEYDPTIEDSYRKQVVIDGETCLLDILDTAGQEEYSAMRDQYMRTGEGFLCVFAINNTKSFEDIHHYREQIKRVKDSEDVPMVLVGNKCDLPSRTVDTKQAQDLARSYGIPFIETSAKTRQGVDDAFYTLVREIRKH,169,6YR8,<local_path_removed>/SEQ_C9ABBEAADFFD_6YR8_full.pdb,<local_path_removed>/SEQ_C9ABBEAADFFD_6YR8.fasta,6YR8_A,<local_path_removed>/SEQ_C9ABBEAADFFD_6YR8_full.pdb,A,1,-1,166,yes,ok,Updated to chain assignment B
787,SEQ_6BB0F6E18C30,GSHMTEYKLVVVGAGGVGKSALTIQLIQNHFVDEYDPTIEDSYRKQVVIDGETCLLDILDTAGQEEYSAMRDQYMRTGEGFLCVFAINNTKSFEDIHHYREQIKRVKDSEDVPMVLVGNKCDLPSRTVDTKQAQDLARSYGIPFIETSAKTRQGVDDAFYTLVREIRKHK,170,7NY8,<local_path_removed>/SEQ_6BB0F6E18C30_7NY8_full.pdb,<local_path_removed>/SEQ_6BB0F6E18C30_7NY8.fasta,7NY8_A,<local_path_removed>/SEQ_6BB0F6E18C30_7NY8_full.pdb,A,1,0,167,yes,ok,Updated to chain assignment C
960,SEQ_3E5D62EBFB21,GVSDVPRDLEVVAATPTSLLISWDAPAVTVRYYRITYGETGGNSPVQEFTVPGSKSTATISGLKPGVDYTITVYAVTGRGDSPASSKPISINYRTE,96,6XAY,<local_path_removed>/SEQ_3E5D62EBFB21_6XAY_full.pdb,<local_path_removed>/SEQ_3E5D62EBFB21_6XAY.fasta,6XAY_B:1448-1541,<local_path_removed>/SEQ_3E5D62EBFB21_6XAY_full.pdb,B,1,1448,1541,yes,ok,Updated to chain assignment A with slice 1448-1541
962,SEQ_5C924820FF58,GVSDVPRDLEVVAATPTSLLISWPPPSHGYGYYRITYGETGGNSPVQEFTVPPGKGTATISGLKPGVDYTITVYAVEYPYKHSGYYHRPISINYRTEIDKPSQ,103,4OV6,<local_path_removed>/SEQ_5C924820FF58_4OV6_full.pdb,<local_path_removed>/SEQ_5C924820FF58_4OV6.fasta,4OV6_F,<local_path_removed>/SEQ_5C924820FF58_4OV6_full.pdb,F,1,-1,97,yes,ok,Updated to chain assignment G
987,SEQ_371E806410FD,IHDFCLVSKVVGRCRASMPRWWYNVTDGSCQLFVYGGCDGNSNNYLTKEECLKKC,55,4U32,<local_path_removed>/SEQ_371E806410FD_4U32_full.pdb,<local_path_removed>/SEQ_371E806410FD_4U32.fasta,4U32_X,<local_path_removed>/SEQ_371E806410FD_4U32_full.pdb,X,1,2,55,yes,ok,Updated to chain assignment X
1031,SEQ_CE6C600E21C4,KVFGRCELAAAMKRHGLDNYRGYSLGNWVCAAKFESNFNTQATNRNTDGSTDYGILQINSRWWCNDGRTPGSRNLCNIPCSALLSSDITASVNCAKKIVSDGNGMNAWVAWRNRCKGTDVQAWIRGCRL,129,4GN5,<local_path_removed>/SEQ_CE6C600E21C4_4GN5_full.pdb,<local_path_removed>/SEQ_CE6C600E21C4_4GN5.fasta,4GN5_C,<local_path_removed>/SEQ_CE6C600E21C4_4GN5_full.pdb,C,1,1,129,yes,ok,Updated to chain assignment A
1199,SEQ_06DEA59C61BD,MAFKTCGFSKKWLVIAVIVMCLCTECYCQCTGGADCTSCTGACTGCGNCPNAVTCTNSQHCVKANTCTGSTDCNTAQTCTNSKDCFEANTCTDSTNCYKATACTNSSGCPGH,112,1EZG,<local_path_removed>/SEQ_06DEA59C61BD_1EZG_full.pdb,<local_path_removed>/SEQ_06DEA59C61BD_1EZG.fasta,,,,,,,yes,ok,Updated to chain assignment A
1201,SEQ_6D7C8B31707C,MAGARGCVVLLAAALMLVGAVLGSEDRSRLLGAPVPVDENDEGLQRALQFAMAEYNRASNDKYSSRVVRVISAKRQLVSGIKYILQVEIGRTTCPKSSGDLQSCEFHDEPEMAKYTTCTFVVYSIPWLNQIKLLESKCQ,139,1YVB,<local_path_removed>/SEQ_6D7C8B31707C_1YVB_full.pdb,<local_path_removed>/SEQ_6D7C8B31707C_1YVB.fasta,,,,,,,yes,ok,Updated to chain assignment I
1206,SEQ_5094FC9DCD03,MAGPLRAPLLLLAILAVALAVSPAAGSSPGKPPRLVGGPMDASVEEEGVRRALDFAVGEYNKASNDMYHSRALQVVRARKQIVAGVNYFLDVELGRTTCTKTQPNLDNCPFHDQPHLKRKAFCSFQIYAVPWQGTMTLSKSTCQDA,146,1G96,<local_path_removed>/SEQ_5094FC9DCD03_1G96_full.pdb,<local_path_removed>/SEQ_5094FC9DCD03_1G96.fasta,,,,,,,yes,ok,Updated to chain assignment A
1209,SEQ_664F51E69502,MAHIEKQAGELQEKLIAVNRVSKTVKGGRIFSFTALTVVGDGNGRVGFGYGKAREVPAAIQKAMEKARRNMINVALNNGTLQHPVKGVHTGSRVFMQPASEGTGIIAGGAMRAVLEVAGVHNVLAKAYGSTNPINVVRATIDGLENMNSPEMVAAKRGKSVEEILGK,167,7BOF,<local_path_removed>/SEQ_664F51E69502_7BOF_full.pdb,<local_path_removed>/SEQ_664F51E69502_7BOF.fasta,7BOF_E:10-166,<local_path_removed>/SEQ_664F51E69502_7BOF_full.pdb,E,1,10,166,yes,ok,Updated to chain assignment E with slice 10-166
1210,SEQ_053FFDB924D3,PTYCVCHQVSFGDMIACDNENCQGGEWFHYTCVGLTPETRFKGKWYCPTCRLL,53,9M4S,<local_path_removed>/SEQ_053FFDB924D3_9M4S_full.pdb,<local_path_removed>/SEQ_053FFDB924D3_9M4S.fasta,9M4S_A:206-258,<local_path_removed>/SEQ_053FFDB924D3_9M4S_full.pdb,A,1,206,258,yes,ok,Updated to chain assignment A with slice 206-258
1211,SEQ_F2D95FA7CA7A,MAKAPIRARKRVRKQVSDGVAHIHASFNNTIVTITDRQGNALGWATAGGSGFRGSRKSTPFAAQVAAERCADAVKEYGIKNLEVMVKGPGPGRESTIRALNAAGFRITNITDVTPIPHNGCRPPKKRRV,129,7BOF,<local_path_removed>/SEQ_F2D95FA7CA7A_7BOF_full.pdb,<local_path_removed>/SEQ_F2D95FA7CA7A_7BOF.fasta,7BOF_K:13-129,<local_path_removed>/SEQ_F2D95FA7CA7A_7BOF_full.pdb,K,1,13,129,yes,ok,Updated to chain assignment K with slice 13-129
1219,SEQ_4EB9E02E4F8A,MAKHHPDLIFCRKQAGVAIGRLCEKCDGKCVICDSYVRPCTLVRICDECNYGSYQGRCVICGGPGVSDAYYCKECTIQEKDRDGCPKIVNLGSSKTDLFYERKKYGFKKR,110,5IFE,<local_path_removed>/SEQ_4EB9E02E4F8A_5IFE_full.pdb,<local_path_removed>/SEQ_4EB9E02E4F8A_5IFE.fasta,,,,,,,yes,ok,Updated to chain assignment D
1233,SEQ_8D788DA06E3F,,,,,,,,,,,,no,prediction_only_no_pdb_extraction,No PDB exact structure path; local prediction left unchanged.
1234,SEQ_C77CD4D0B097,MANPQQPLLIKTHKQNPIISFKILSFVITLFVALFLVAPYQVEIKHSNLCKTAQDSQLCLSYVSDLISNEIVTTESDGHSILMKFLVNYVHQMNNAIPVVRKMKNQINDIRQHGALTDCLELLDQSVDFASDSIAAIDKRSRSEHANAQSWLSGVLTNHVTCLDELDSFTKAMINGTNLEELISRAKVALAMLASLTTQDEDVFMTVLGKMPSWVSSMDRKLMESSGKDIIANAVVAQDGTGDYQTLAEAVAAAPDKSKTRYVIYVKRGTYKENVEVASNKMNLMIVGDGMYATTITGSLNVVDGSTTFRSATLAAVGQGFILQDICIQNTAGPAKDQAVALRVGADMSVINRCRIDAYQDTLYAHSQRQFYRDSYVTGTVDFIFGNAAVVFQKCQLVARKPGKYQQNMVTAQGRTDPNQATGTSIQFCNIIASSDLEPVLKEFPTYLGRPWKEYSRTVVMESYLGGLINPAGWAEWDGDFALKTLYYGEFMNNGPGAGTSKRVKWPGYHVITDPAKAMPFTVAKLIQGGSWLRSTGVAYVDGLYD,546,1XG2,<local_path_removed>/SEQ_C77CD4D0B097_1XG2_full.pdb,<local_path_removed>/SEQ_C77CD4D0B097_1XG2.fasta,,,,,,,yes,ok,Updated to chain assignment A
1240,SEQ_58918E464CDE,ELLCCVCRSETVVPGNRLVSCEKCRHAYHQDCHVPRAPAPGEGEGASWVCRQCVFA,56,5XFQ,<local_path_removed>/SEQ_58918E464CDE_5XFQ_full.pdb,<local_path_removed>/SEQ_58918E464CDE_5XFQ.fasta,5XFQ_A:87-142,<local_path_removed>/SEQ_58918E464CDE_5XFQ_full.pdb,A,1,87,142,yes,ok,Updated to chain assignment A with slice 87-142
1285,SEQ_B8ECC24617E4,MASNSLEIEELARFAVDEHNKKENALLEFVRVVKAKEQHFTPWFQRNTMYYLTLEAKDGGKKKLYEAKVWVKRIMVTDKMRNFKELQEFKPVGDAAAA,98,6YR8,<local_path_removed>/SEQ_B8ECC24617E4_6YR8_full.pdb,<local_path_removed>/SEQ_B8ECC24617E4_6YR8.fasta,6YR8_B:4-92,<local_path_removed>/SEQ_B8ECC24617E4_6YR8_full.pdb,B,1,4,92,yes,ok,Updated to chain assignment B with slice 4-92
1286,SEQ_0FE2A82C75CC,MASNSLEIEELARFAVDEHNKKENALLEFVRVVKAKEQHSIDIWYDFTMYYLTLEAKDGGKKKLYEAKVWVKKLNNSHTYKNFKELQEFKPVGDAAAA,98,6YXW,<local_path_removed>/SEQ_0FE2A82C75CC_6YXW_full.pdb,<local_path_removed>/SEQ_0FE2A82C75CC_6YXW.fasta,6YXW_B:4-92,<local_path_removed>/SEQ_0FE2A82C75CC_6YXW_full.pdb,B,1,4,92,yes,ok,Updated to chain assignment B with slice 4-92
1287,SEQ_DD390BD6618B,MASNSLEIEELARFAVDEHNKKENALLEFVRVVKAKEQWHFDYQQYNTMYYLTLEAKDGGKKKLYEAKVWVKRQLRMGSMNNFKELQEFKPVGDAAAA,98,7NY8,<local_path_removed>/SEQ_DD390BD6618B_7NY8_full.pdb,<local_path_removed>/SEQ_DD390BD6618B_7NY8.fasta,7NY8_C:2-92,<local_path_removed>/SEQ_DD390BD6618B_7NY8_full.pdb,C,1,2,92,yes,ok,Updated to chain assignment C with slice 2-92
1289,SEQ_42E90368788F,MASPLRSLLFLLAVLAVAWAATPKQGPRMLGAPEEADANEEGVRRALDFAVSEYNKGSNDAYHSRAIQVVRARKQLVAGVNYFLDVEMGRTTCTKSQTNLTDCPFHDQPHLMRKALCSFQIYSVPWKGTHSLTKFSCKNA,140,8V57,<local_path_removed>/SEQ_42E90368788F_8V57_full.pdb,<local_path_removed>/SEQ_42E90368788F_8V57.fasta,,,,,,,yes,ok,Updated to chain assignment C
1310,SEQ_0D402EEFD6AA,PVYCVCRLPYDVTRFMIECDACKDWFHGSCVGVEEEEAPDIDIYHCPNCEKT,52,3KQI,<local_path_removed>/SEQ_0D402EEFD6AA_3KQI_full.pdb,<local_path_removed>/SEQ_0D402EEFD6AA_3KQI.fasta,3KQI_A:5-56,<local_path_removed>/SEQ_0D402EEFD6AA_3KQI_full.pdb,A,1,5,56,yes,ok,Updated to chain assignment A with slice 5-56
1336,SEQ_D7D6CEEFFE79,MDLENKVKKMGLGHEQGFGAPCLKCKEKCEGFELHFWRKICRNCKCGQEEHDVLLSNEEDRKVGKLFEDTKYTTLIAKLKSDGIPMYKRNVMILTNPVAAKKNVSINTVTYEWAPPVQNQALARQYMQMLPKEKQPVAGSEGAQYRKKQLAKQLPAHDQDPSKCHELSPREVKEMEQFVKKYKSEALGVGDVKLPCEMDAQGPKQMNIPGGDRSTPAAVGAMEDKSAEHKRTQYSCYCCKLSMKEGDPAIYAERAGYDKLWHPACFVCSTCHELLVDMIYFWKNEKLYCGRHYCDSEKPRCAGCDELIFSNEYTQAENQNWHLKHFCCFDCDSILAGEIYVMVNDKPVCKPCYVKNHAVVCQGCHNAIDPEVQRVTYNNFSWHASTECFLCSCCSKCLIGQKFMPVEGMVFCSVECKKRMS,421,2XQN,<local_path_removed>/SEQ_D7D6CEEFFE79_2XQN_full.pdb,<local_path_removed>/SEQ_D7D6CEEFFE79_2XQN.fasta,,,,,,,yes,ok,Updated to chain assignment M
1369,SEQ_2022E12B94A5,GAVCGACGDNYGGDEFWICCDACEKWFHGKCVKITPAKAEHIKHYKCPSCTTS,53,5XVJ,<local_path_removed>/SEQ_2022E12B94A5_5XVJ_full.pdb,<local_path_removed>/SEQ_2022E12B94A5_5XVJ.fasta,,,,,,,yes,ok,Updated to chain assignment A
1386,SEQ_E7D6BCBF37AA,MENKIEVNSKDEMNKWFEEFKKGNGLVDTYTNSYSFCESVPNLDRFVFQMAGATDDAQKDSIYASALVEATKFCAPIYECAWASSTGIVKKGLEWFEKNTGTIKSWDESYTELKVEVPKIEQLFNYQQAALKWRKDIGFRVNANTAALSNKVLAEYKVPGEIVMSVKEMLSDMIRRRNLILNRGGDENPRGPVSREHVEWCREFVKGKYIMAFNPPWGDINKSGRSGIALVATGLAKLAETEGKGVFDEAKKTVEALNGYLDKHKDEVDKASADNMVTNLLKHVAKAQELYKNSSALRAQGAQIDTVFSSYYWLYKAGVTPETFPTVSQFLFELGKHPRGTKKMKKALLSTPMKWGKKLYELFADDSFQQNRIYMHPAVLTAGRISEMGVCFGTIPVANPDDAALGSGHTKSILNLRTNTETNNPCARTIVKLFEIQKTGFNIQHMDIVASEHLLHQSLVGKQSPFQNAYNVKGNATSANII,482,4AKL;6Z0O,<local_path_removed>/SEQ_E7D6BCBF37AA_4AKL_full.pdb; <local_path_removed>/SEQ_E7D6BCBF37AA_6Z0O_full.pdb,<local_path_removed>/SEQ_E7D6BCBF37AA_4AKL.fasta; <local_path_removed>/SEQ_E7D6BCBF37AA_6Z0O.fasta,4AKL_A,<local_path_removed>/SEQ_E7D6BCBF37AA_4AKL_full.pdb,A,1,1,482,yes,ok,Updated to chain assignment E
1460,SEQ_9E63104CD44D,DAVCCICNDGECQNSNVILFCDMCNLAVHQECYGVPYIPEGQWLCRRCLQS,51,6U04,<local_path_removed>/SEQ_9E63104CD44D_6U04_full.pdb,<local_path_removed>/SEQ_9E63104CD44D_6U04.fasta,6U04_A:274-323,<local_path_removed>/SEQ_9E63104CD44D_6U04_full.pdb,A,1,274,323,yes,ok,Updated to chain assignment A with slice 274-323
1465,SEQ_A628F0B22C26,MGVQVETISPGDGRTFPKRGQTCVVHYTGMLEDGKKVDSSRDRNKPFKFMLGKQEVIRGWEEGVAQMSVGQRAKLTISPDYAYGATGHPGIIPPHATLVFDVELLKLEGGGGSGFGDVGALESLRGNADLAYILSMEPCGHCLIINNVNFCRESGLRTRTGSNIDCEKLRRRFSSLHFMVEVKGDLTAKKMVLALLELAQQDHGALDCCVVVILSHGCQASHLQFPGAVYGTDGCPVSVEKIVNIFNGTSCPSLGGKPKLFFIQACGGEQKDHGFEVASTSPEDESPGSNPEPDATPFQEGLRTFDQLDAISSLPTPSDIFVSYSTFPGFVSWRDPKSGSWYVETLDDIFEQWAHSEDLQSLLLRVANAVSVKGIYKQMPGCFNFLRKKLFFKTSGSGEGRGSLLTCGDVEENPGPMALPVTALLLPLALLLHAARPMLPAPKNLVVSRITEDSARLSWTAPDAAFDSFPIRYIETLIWGEAIWLDVPGSERSYDLTGLKPGTEYAVVITGVKGGRFSSPLVASFTTTTTPAPRPPTPAPTIASQPLSLRPEACRPAAGGAVHTRGLDFACDIYIWAPLAGTCGVLLLSLVITLYCKRGRKKLLYIFKQPFMRPVQTTQEEDGCSCRFPEEEEGGCELRVKFSRSADAPAYKQGQNQLYNELNLGRREEYDVLDKRRGRDPEMGGKPRRKNPQEGLYNELQKDKMAEAYSEIGMKGERRRGKGHDGLYQGLSTATKDTYDALHMQALPPRGSGEGRGSLLTCGDVEENPGPMVGSLNCIVAVSQNMGIGKNGDFPWPPLRNESRYFQRMTTTSSVEGKQNLVIMGKKTWFSIPEKNRPLKGRINLVLSRELKEPPQGAHFLSRSLDDALKLTEQPELANKVDMVWIVGGSSVYKEAMNHPGHLKLFVTRIMQDFESDTFFPEIDLEKYKLLPEYPGVLSDVQEEKGIKYKFEVYEKND,958,1BL4,<local_path_removed>/SEQ_A628F0B22C26_1BL4_full.pdb,<local_path_removed>/SEQ_A628F0B22C26_1BL4.fasta,,,,,,,yes,ok,Updated to chain assignment A
1470,SEQ_ADEDA433A91B,MGVSDVPRDLEVVAATPTSLLISWDAPAVTVRYYRITYGETGGNSPVQEFTVPGSKSTATISGLKPGVDYTITVYAVTGRGDSPASSKPISINYRTEIDKPCQ,103,1FNF,<local_path_removed>/SEQ_ADEDA433A91B_1FNF_full.pdb,<local_path_removed>/SEQ_ADEDA433A91B_1FNF.fasta,1FNF_A:1416-1509,<local_path_removed>/SEQ_ADEDA433A91B_1FNF_full.pdb,A,1,1416,1509,yes,ok,Updated to chain assignment A with slice 1416-1509
1471,SEQ_787D5EA832FE,MGVSDVPRDLEVVAATPTSLLISWDAPAVTVRYYRITYGETGGNSPVQEFTVPGSKSTATISGLKPGVDYTITVYAVTGRGDSPASSKPISINYRTEIDKPSQ,103,6XAY,<local_path_removed>/SEQ_787D5EA832FE_6XAY_full.pdb,<local_path_removed>/SEQ_787D5EA832FE_6XAY.fasta,6XAY_B:1448-1547,<local_path_removed>/SEQ_787D5EA832FE_6XAY_full.pdb,B,1,1448,1547,yes,ok,Updated to chain assignment A with slice 1448-1547
1480,SEQ_BF441FA45EBD,MGVSDVPRDLEVVAATPTSLLISWDSGRGSYQYYRITYGETGGNSPVQEFTVPGPVHTATISGLKPGVDYTITVYAVTDHKPHADGPHTYHESPISINYRTEIDK,105,3QWQ,<local_path_removed>/SEQ_BF441FA45EBD_3QWQ_full.pdb,<local_path_removed>/SEQ_BF441FA45EBD_3QWQ.fasta,3QWQ_B,<local_path_removed>/SEQ_BF441FA45EBD_3QWQ_full.pdb,B,1,3,97,yes,ok,Updated to chain assignment B
1481,SEQ_FB98D4E206E4,MGVSDVPRDLEVVAATPTSLLISWDSGRGSYQYYRITYGETGGNSPVQEFTVPGPVHTATISGLKPGVDYTITVYAVTDHKPHADGPHTYHESPISINYRTEIDKPSQ,108,3QWQ,<local_path_removed>/SEQ_FB98D4E206E4_3QWQ_full.pdb,<local_path_removed>/SEQ_FB98D4E206E4_3QWQ.fasta,3QWQ_B:3-97,<local_path_removed>/SEQ_FB98D4E206E4_3QWQ_full.pdb,B,1,3,97,yes,ok,Updated to chain assignment B with slice 3-97
1574,SEQ_BF992603EB92,MKFIIVLLLLTALTLTSIPVIEGILKRCKTYDDCKDVCKARKGKCEFGICKCMIKSGK,58,6MRQ,<local_path_removed>/SEQ_BF992603EB92_6MRQ_full.pdb,<local_path_removed>/SEQ_BF992603EB92_6MRQ.fasta,,,,,,,yes,ok,Updated to chain assignment I
1609,SEQ_E9785C30B20C,DVVCDVCQSPDGEDGNEMVFCDKCNICVHQACYGILKVPEGSWLCRTCALG,51,8GDX,<local_path_removed>/SEQ_E9785C30B20C_8GDX_full.pdb,<local_path_removed>/SEQ_E9785C30B20C_8GDX.fasta,8GDX_A:203-253,<local_path_removed>/SEQ_E9785C30B20C_8GDX_full.pdb,A,1,203,253,yes,ok,Updated to chain assignment A with slice 203-253
1612,SEQ_43A796FB26E7,YVVCDVCQSPDGEDGNEMVFCDKCNICVHQACYGILKVPEGSWLCRTCALG,51,8GDX,<local_path_removed>/SEQ_43A796FB26E7_8GDX_full.pdb,<local_path_removed>/SEQ_43A796FB26E7_8GDX.fasta,8GDX_A:204-253,<local_path_removed>/SEQ_43A796FB26E7_8GDX_full.pdb,A,1,204,253,yes,ok,Updated to chain assignment A with slice 204-253
1678,SEQ_314DDC691615,SHHIWIDHCTFVNGNDGAVDIKK,23,3ZSC,<local_path_removed>/SEQ_314DDC691615_3ZSC_full.pdb,<local_path_removed>/SEQ_314DDC691615_3ZSC.fasta,3ZSC_A:124-146,<local_path_removed>/SEQ_314DDC691615_3ZSC_full.pdb,A,1,124,146,yes,ok,Updated to chain assignment A with slice 124-146
1702,SEQ_5EC4B892FEA2,MLPAPKNLVVSRVTEDSARLSWTAPDAAFDSFHIEYAEPWVWGEAIVLTVPGSERSYDLTGLKPGTEYVVFIGGVKGGHNSTPLSAIFTTGG,92,7T82,<local_path_removed>/SEQ_5EC4B892FEA2_7T82_full.pdb,<local_path_removed>/SEQ_5EC4B892FEA2_7T82.fasta,7T82_E,<local_path_removed>/SEQ_5EC4B892FEA2_7T82_full.pdb,E,1,1,92,yes,ok,Updated to chain assignment F
1732,SEQ_2B48D66356C8,MLPAPKNLVVSRVTEDSARLSWTAPDAAFDSFWITYEEKFYRGEAIVLTVPGSERSYDLTGLKPGTEYKVWIVGVKGGQGSWPLSAIFTTGG,92,7T87,<local_path_removed>/SEQ_2B48D66356C8_7T87_full.pdb,<local_path_removed>/SEQ_2B48D66356C8_7T87.fasta,7T87_C,<local_path_removed>/SEQ_2B48D66356C8_7T87_full.pdb,C,1,1,92,yes,ok,Updated to chain assignment C
1771,SEQ_6E9F921D3257,MMFNKQIFTILILSLSLALAGSGCISEGAEDNVAQEITVDEFSNIRENPVTPWNPEPSAPVIDPTAYIDPQASVIGEVTIGANVMVSPMASIRSDEGMPIFVGDRSNVQDGVVLHALETINEEGEPIEDNIVEVDGKEYAVYIGNNVSLAHQSQVHGPAAVGDDTFIGMQAFVFKSKVGNNCVLEPRSAAIGVTIPDGRYIPAGMVVTSQAEADKLPEVTDDYAYSHTNEAVVYVNVHLAEGYKETS,247,1QQ0,<local_path_removed>/SEQ_6E9F921D3257_1QQ0_full.pdb,<local_path_removed>/SEQ_6E9F921D3257_1QQ0.fasta,,,,,,,yes,ok,Updated to chain assignment A
1780,SEQ_D404B74778B9,MNKIYYIIFLSAQCLVHIGKCGRNQKPSRLTRSANNVLLEKGPTVERSTRMSNPWKAFMEKYDIERTHSSGVRVDLGEDAEVENAKYRIPAGRCPVFGKGIVIENSDVSFLRPVATGDQKLKDGGFAFPNANDHISPMTLANLKERYKDNVEMMKLNDIALCRTHAASFVMAGDQNSSYRHPAVYDEKEKTCHMLYLSAQENMGPRYCSPDAQNRDAVFCFKPDKNESFENLVYLSKNVRNDWDKKCPRKNLGNAKFGLWVDGNCEEIPYVKEVEAEDLRECNRIVFGASASDQPTQYEEEMTDYQKIQQGFRQNNREMIKSAFLPVGAFNSDNFKSKGRGFNWANFDSVKKKCYIFNTKPTCLINDKNFIATTALSHPQEVDLEFPCSIYKDEIEREIKKQSRNMNLYSVDGERIVLPRIFISNDKESIKCPCEPERISNSTCNFYVCNCVEKRAEIKENNQVVIKEEFRDYYENGEEKSNKQMLLIIIGITGGVCVVALASMAYFRKKANNDKYDKMDQAEGYGKPTTRKDEMLDPEASFWGEDKRASHTTPVLMEKPYY,562,5NQG;8QUS;8REK,<local_path_removed>/SEQ_D404B74778B9_5NQG_full.pdb; <local_path_removed>/SEQ_D404B74778B9_8QUS_full.pdb; <local_path_removed>/SEQ_D404B74778B9_8REK_full.pdb,<local_path_removed>/SEQ_D404B74778B9_5NQG.fasta; <local_path_removed>/SEQ_D404B74778B9_8QUS.fasta; <local_path_removed>/SEQ_D404B74778B9_8REK.fasta,,,,,,,yes,ok,"Updated to chain assignment H; multiple refined sequences across structures, first sequence retained in active columns"
1786,SEQ_C2A44C8AB1DA,PVYCLCRLPYDVTRFMIECDMCQDWFHGSCVGVEEEKAADIDLYHCPNCEVL,52,3KV4,<local_path_removed>/SEQ_C2A44C8AB1DA_3KV4_full.pdb,<local_path_removed>/SEQ_C2A44C8AB1DA_3KV4.fasta,3KV4_A:5-56,<local_path_removed>/SEQ_C2A44C8AB1DA_3KV4_full.pdb,A,1,5,56,yes,ok,Updated to chain assignment A with slice 5-56
1818,SEQ_E14F50626316,IGGAGNDSITGNAHDNFL,18,7RAH,<local_path_removed>/SEQ_E14F50626316_7RAH_full.pdb,<local_path_removed>/SEQ_E14F50626316_7RAH.fasta,,,,,,,yes,ok,Updated to chain assignment E
1826,SEQ_C4D6BCC1260D,MRAAGTLLAFCCLVLSTTGGPSPDTCSQDLNSRVKPGFPKTIKTNDPGVLQAARYSVEKFNNCTNDMFLFKESRITRALVQIVKGLKYMLEVEIGRTTCKKNQHLRLDDCDFQTNHTLKQTLSCYSEVWVVPWLQHFEVPVLRCH,145,2CH9,<local_path_removed>/SEQ_C4D6BCC1260D_2CH9_full.pdb,<local_path_removed>/SEQ_C4D6BCC1260D_2CH9.fasta,,,,,,,yes,ok,Updated to chain assignment A
1846,SEQ_741E361567F0,MSAATGVRAVPGNENSLEIEELARFAVDEHNKKENALLEFVRVVKAKEQIWEMDASKETMYYLTLEAKDGGKKKLYEAKVWVKMTHWIGAMNNFKELQEFKPVGDAAAAHHHHHHG,116,5OHV,<local_path_removed>/SEQ_741E361567F0_5OHV_full.pdb,<local_path_removed>/SEQ_741E361567F0_5OHV.fasta,,,,,,,yes,ok,Updated to chain assignment D
1847,SEQ_E3A480E83989,MSAATGVRAVPGNENSLEIEELARFAVDEHNKKENALLEFVRVVKAKEQSWKDDELFDTMYYLTLEAKDGGKKKLYEAKVWVKASGIVMYQMNFKELQEFKPVGDAAAAHHHHHHG,116,5OHL,<local_path_removed>/SEQ_E3A480E83989_5OHL_full.pdb,<local_path_removed>/SEQ_E3A480E83989_5OHL.fasta,,,,,,,yes,ok,Updated to chain assignment A
1881,SEQ_FC29DB5108ED,MSEQSICQARASVMVYDDTSKKWVPIKPGQQGFSRINIYHNTASSTFRVVGVKLQDQQVVINYSIVKGLKYNQATPTFHQWRDARQVYGLNFASKEEATTFSNAMLFALNIMNSQEGGPSTQRQVQNGPSPEEMDIQRRQVMEQQHRQESLERRISATGPILPPGHPSSAASTTLSCSGPPPPPPPPVPPPPTGSTPPPPPPLPAGGAQGTNHDESSASGLAAALAGAKLRRVQRPEDASGGSSPSGTSKSDANRASSGGGGGGLMEEMNKLLAKRRKAASQTDKPADRKEDESQTEDPSTSPSPGTRATSQPPNSSEAGRKPWERSNSVEKPVSSLLSRTPSVAKSPEAKSPLQSQPHSRVKPAGSVNDVGLDALDLDRMKQEILEEVVRELHKVKEEIIDAIRQELSGISTT,414,1QC6,<local_path_removed>/SEQ_FC29DB5108ED_1QC6_full.pdb,<local_path_removed>/SEQ_FC29DB5108ED_1QC6.fasta,,,,,,,yes,ok,Updated to chain assignment A
1884,SEQ_02021067A2DC,MSETVICSSRATVMLYDDSNKRWLPAGTGPQAFSRVQIYHNPTANSFRVVGRKMQPDQQVVINCAIIRGVKYNQATPIFHQWRDARQVWGLNFGSKEDAIQFATGMANALEALEGGGPPPAPAPPAWSAQNGPSPEELEQQKRQPEHMERRVSNAGGPPAPPAGGPPPPPGPPPPPGPPPPPGLPSSGVSGAGHGAGAAPPPAPPLPTAQGPNSGGSGAPGLAAAIAGAKLRKVSKQEEASGGPLAPKAENSRSTGGGLMEEMNAMLARRRKATQVGEKPPKDESASEESEARLPAQSEPVRRPWEKNSTTLPRMKSSSSVTTSEAHPSTPCSSDDSDLERVKQELLEEVRKELQKMKEEIIEVFVQELRKRGSP,375,2V8C,<local_path_removed>/SEQ_02021067A2DC_2V8C_full.pdb,<local_path_removed>/SEQ_02021067A2DC_2V8C.fasta,,,,,,,yes,ok,Updated to chain assignment A
1896,SEQ_A0B97371367C,MSKEPLILWLMIEFWWLYLTPVTSETVVTEVLGHRVTLPCLYSSWSHNSNSMCWGKDQCPYSGCKEALIRTDGMRVTSRKSAKYRLQGTIPRGDVSLTILNPSESDSGVYCCRIEVPGWFNDVKINVRLNLQRASTTTHRTATTTTRRTTTTSPTTTRQMTTTPAALPTTVVTTPDLTTGTPLQMTTIAVFTTANTCLSLTPSTLPEEATGLLTPEPSKEGPILTAESETVLPSDSWSSVESTSADTVLLTSKESKVWDLPSTSHVSMWKTSDSVSSPQPGASDTAVPEQNKTTKTGQMDGIPMSMKNEMPISQLLMIIAPSLGFVLFALFVAFLLRGKLMETYCSQKHTRLDYIGDSKNVLNDVQHGREDEDGLFTL,378,5DZN,<local_path_removed>/SEQ_A0B97371367C_5DZN_full.pdb,<local_path_removed>/SEQ_A0B97371367C_5DZN.fasta,,,,,,,yes,ok,Updated to chain assignment A
1910,SEQ_BF0377948E28,MSPTESNSYARVRAVVMTRDDSSGGWLPLGGSGLSSVTVFKVPHQEENGCADFFIRGERLRDKMVVLECMLKKDLIYNKVTPTFHHWKIDDKKFGLTFQSPADARAFDRGIRRAIEDISQGCPPSKIEAEGTEDDLQATEENTSSSLGREHFFHQETVVTSDPYRSSNIRSTAFADLNVRRVYLQSQANQVTFSQPGLDIQSRSTEYVQRQVSKESGSLKSQNRVPLKSVRHVSFQDEDEIVRINPRDILIRRYADYRHPDMWKNDLERDDADSSVHFSKPDSKKSDYLYSCGDETKLSSLKDSVVFKTQPLKVKKSKRRKEDGERSRCVYCQERFNHEENGRGKCQDAPDPIKRCIYQVSCMLCAESMLYHCMSDSEGDFSDPCSCDTSDDKFCLRWLALVALSFIVPCMCCYVPLRMCHRCGEACGCCGGKHKAAG,438,6V65,<local_path_removed>/SEQ_BF0377948E28_6V65_full.pdb,<local_path_removed>/SEQ_BF0377948E28_6V65.fasta,,,,,,,yes,ok,Updated to chain assignment A
1913,SEQ_FA6C4CA2C7A0,MSSFKVAVLLIAVYGASQGTSIPGGWTRQDPTEARFLELAHFATSSQTEGREFYDTVVTVKEVETQVVAGMNYKLTIEISPSVCKIGEVQYSAEQCVPKDAQQKSTCVAVIYHVPWQNQKSVTSYRCE,128,3L0R,<local_path_removed>/SEQ_FA6C4CA2C7A0_3L0R_full.pdb,<local_path_removed>/SEQ_FA6C4CA2C7A0_3L0R.fasta,,,,,,,yes,ok,Updated to chain assignment A
1915,SEQ_CBCBD57048D1,MSSGGLLLLLGLLTLCAELTPVSSQIRPAFCYEDPPFFQKCGAFVDSYYFNRSRITCVHFFYGQCDVNQNHFTTMSECNRVCHG,84,4NTW,<local_path_removed>/SEQ_CBCBD57048D1_4NTW_full.pdb,<local_path_removed>/SEQ_CBCBD57048D1_4NTW.fasta,,,,,,,yes,ok,Updated to chain assignment B
1916,SEQ_14A185D217B6,MSSGGLLLLLGLLTLCAELTPVSSRKRHPDCDKPPDTKICQTVVRAFYYKPSAKRCVQFRYGGCNGNGNHFKSDHLCRCECLEYR,85,1BUN,<local_path_removed>/SEQ_14A185D217B6_1BUN_full.pdb,<local_path_removed>/SEQ_14A185D217B6_1BUN.fasta,,,,,,,yes,ok,Updated to chain assignment B
1927,SEQ_99FCDEF12FE5,MSSGGLLLLLGLLTLWEVLTPVSSKDRPDFCELPADTGPCRVRFPSFYYNPDEKKCLEFIYGGCEGNANNFITKEECESTCAA,83,3BYB,<local_path_removed>/SEQ_99FCDEF12FE5_3BYB_full.pdb,<local_path_removed>/SEQ_99FCDEF12FE5_3BYB.fasta,,,,,,,yes,ok,Updated to chain assignment C
1953,SEQ_04B767840DCA,MTDIITNVVIGMPSQLFTMARSFKAVANGKIYIGKIDTDPVNPENQIQVYVENEDGSHVPASQPIVINAAGYPVYNGQIVKFVTEQGHSMAVYDAYGSQQFYFQNVLKYDPDQFGPDLIEQLAQSGKYSQDNTKGDAMIGVKQPLPKAVLRTQHDKNKEAISILDFGVIDDGVTDNYQAIQNAIDAVASLPSGGELFIPASNQAVGYIVGSTLLIPGGVNIRGVGKASQLRAKSGLTGSVLRLSYDSDTIGRYLRNIRVTGNNTCNGIDTNITAEDSVIRQVYGWVFDNVMVNEVETAYLMQGLWHSKFIACQAGTCRVGLHFLGQCVSVSVSSCHFSRGNYSADESFGIRIQPQTYAWSSEAVRSEAIILDSETMCIGFKNAVYVHDCLDLHMEQLDLDYCGSTGVVIENVNGGFSFSNSWIAADADGTEQFTGIYFRTPTSTQSHKIVSGVHINTANKNTAANNQSIAIEQSAIFVFVSGCTLTGDEWAVNIVDINECVSFDKCIFNKPLRYLRSGGVSVTDCYLAGITEVQKPEGRYNTYRGCSGVPSVNGIINVPVAVGATSGSAAIPNPGNLTYRVRSLFGDPASSGDKVSVSGVTINVTRPSPVGVALPSMVEYLAI,623,2VBE,<local_path_removed>/SEQ_04B767840DCA_2VBE_full.pdb,<local_path_removed>/SEQ_04B767840DCA_2VBE.fasta,,,,,,,yes,ok,Updated to chain assignment A
1963,SEQ_A4F4C4A9EC0A,MTKDFKISVSAALISALFSSPYAFADDYDGIPNLTAVQISPNADPALGLEYPVRPPVPGAGGLNASAKGIHSIAIGATAEAAKGAAVAVGAGSIATGVNSVAIGPLSKALGDSAVTYGAASTAQKDGVAIGARASTSDTGVAVGFNSKADAKNSVAIGHSSHVAANHGYSIAIGDRSKTDRENSVSIGHESLNRQLTHLAAGTKDTDAVNVAQLKKEIEKTQENTNKRSAELLANANAYADNKSSSVLGIANNYTDSKSAETLENARKEAFAQSKDVLNMAKAHSNSVARTTLETAEEHANSVARTTLETAEEHANKKSAEALASANVYADSKSSHTLKTANSYTDVTVSNSTKKAIRESNQYTDHKFRQLDNRLDKLDTRVDKGLASSAALNSLFQPYGVGKVNFTAGVGGYRSSQALAIGSGYRVNENVALKAGVAYAGSSDVMYNASFNIEW,455,1P9H,<local_path_removed>/SEQ_A4F4C4A9EC0A_1P9H_full.pdb,<local_path_removed>/SEQ_A4F4C4A9EC0A_1P9H.fasta,,,,,,,yes,ok,Updated to chain assignment A
1985,SEQ_7A48752314D8,MVKVKFKYKGEEKEVDTSKIKKVWRVGKMVSFTYDDNGKTGRGAVSEKDAPKELLDMLARAEREKK,66,1AZP,<local_path_removed>/SEQ_7A48752314D8_1AZP_full.pdb,<local_path_removed>/SEQ_7A48752314D8_1AZP.fasta,1AZP_A,<local_path_removed>/SEQ_7A48752314D8_1AZP_full.pdb,A,1,1,66,yes,ok,Updated to chain assignment A
1992,SEQ_8A95EDF0B544,TGNSKITNLNIQNWPVHCFDITG,23,1HG8,<local_path_removed>/SEQ_8A95EDF0B544_1HG8_full.pdb,<local_path_removed>/SEQ_8A95EDF0B544_1HG8.fasta,1HG8_A:136-158,<local_path_removed>/SEQ_8A95EDF0B544_1HG8_full.pdb,A,1,136,158,yes,ok,Updated to chain assignment A with slice 136-158
2044,SEQ_E4FA5E91563F,PCTLEYMRCKQDSDCLAGCVCGPNGFCG,28,1MCV,<local_path_removed>/SEQ_E4FA5E91563F_1MCV_full.pdb,<local_path_removed>/SEQ_E4FA5E91563F_1MCV.fasta,1MCV_I,<local_path_removed>/SEQ_E4FA5E91563F_1MCV_full.pdb,I,1,1,28,yes,ok,Updated to chain assignment I
2053,SEQ_97B3132D53B4,PTGNNAEICLLPLDYGPCRALLLRYYYDRYTQSCRQFLYGGCEGNANNFYTWEACDDACWRIE,63,1ZR0,<local_path_removed>/SEQ_97B3132D53B4_1ZR0_full.pdb,<local_path_removed>/SEQ_97B3132D53B4_1ZR0.fasta,1ZR0_B,<local_path_removed>/SEQ_97B3132D53B4_1ZR0_full.pdb,B,1,1,59,yes,ok,Updated to chain assignment B
2064,SEQ_DAF8FF01905F,QQHADPICNKPCKTHDDCSGAWFCQACWNSARTCGPYVG,39,7EQZ,<local_path_removed>/SEQ_DAF8FF01905F_7EQZ_full.pdb,<local_path_removed>/SEQ_DAF8FF01905F_7EQZ.fasta,,,,,,,yes,ok,Updated to chain assignment I
2233,SEQ_9759A8D50425,RPDFCLEPPYTGPCKARIIRYFYNAKAGLCQTFVYGGCRAKRNNFKSAEDCMRTTCGGA,59,4WXV,<local_path_removed>/SEQ_9759A8D50425_4WXV_full.pdb,<local_path_removed>/SEQ_9759A8D50425_4WXV.fasta,4WXV_C:1-54,<local_path_removed>/SEQ_9759A8D50425_4WXV_full.pdb,C,1,1,54,yes,ok,Updated to chain assignment C with slice 1-54
2247,SEQ_FF19E1C1FC97,RTEDLPKAVVFLEPQWYRVLEKDSVTLKCQGAYSPEDNSTQWFHNESLISSQASSYFIDAATVDDSGEYRCQTNLSTLSDPVQLEVHIGWLLLQAPRWVFKEEDPIHLRCHSWKNTALHKVTYLQNGKGRKYFHHNSDFYIPKATLKDSGSYFCRGLFGSKNVSSETVNITITQG,175,5MN2,<local_path_removed>/SEQ_FF19E1C1FC97_5MN2_full.pdb,<local_path_removed>/SEQ_FF19E1C1FC97_5MN2.fasta,5MN2_A,<local_path_removed>/SEQ_FF19E1C1FC97_5MN2_full.pdb,A,1,4,175,yes,ok,Updated to chain assignment C
2248,SEQ_E2AA955A37D3,RTEDLPKAVVFLEPQWYRVLEKDSVTLKCQGAYSPEDNSTQWFHNESLISSQASSYFIDAATVDDSGEYRCQTNLSTLSDPVQLEVHIGWLLLQAPRWVFKEEDPIHLRCHSWKNTALHKVTYLQNGKGRKYFHHNSDFYIPKATLKDSGSYFCRGLVGSKNVSSETVNITITQG,175,5ML9,<local_path_removed>/SEQ_E2AA955A37D3_5ML9_full.pdb,<local_path_removed>/SEQ_E2AA955A37D3_5ML9.fasta,5ML9_A,<local_path_removed>/SEQ_E2AA955A37D3_5ML9_full.pdb,A,1,3,174,yes,ok,Updated to chain assignment B
2294,SEQ_2C2E05FC0E24,SICSEPKKVGRCLGYFPRFYFDSETGKCTPFIYGGCGGNGNNFETLHQCRAICRA,55,3UOU,<local_path_removed>/SEQ_2C2E05FC0E24_3UOU_full.pdb,<local_path_removed>/SEQ_2C2E05FC0E24_3UOU.fasta,3UOU_B,<local_path_removed>/SEQ_2C2E05FC0E24_3UOU_full.pdb,B,1,1,54,yes,ok,Updated to chain assignment B
2304,SEQ_E0FD465FCD72,SLEIEELARFAVDEHNKKENALLEFVRVVKAKEQFNYDQWQDYTMYYLTLEAKDGGKKKLYEAKVWVKFVDSAFETENFKELQEFKP,87,8PK3,<local_path_removed>/SEQ_E0FD465FCD72_8PK3_full.pdb,<local_path_removed>/SEQ_E0FD465FCD72_8PK3.fasta,8PK3_G,<local_path_removed>/SEQ_E0FD465FCD72_8PK3_full.pdb,G,1,5,91,yes,ok,Updated to chain assignment G
2338,SEQ_763E0AB9BD56,TCRYLFGGCKTTADCCKHLACRSDGKYCAWDGTF,34,1LA4,<local_path_removed>/SEQ_763E0AB9BD56_1LA4_full.pdb,<local_path_removed>/SEQ_763E0AB9BD56_1LA4.fasta,1LA4_A,<local_path_removed>/SEQ_763E0AB9BD56_1LA4_full.pdb,A,1,1,34,yes,ok,Updated to chain assignment A
2346,SEQ_336F8F190F33,TVAACANLPIVRGPCRAFIQLWAFDAVKGKCVLFPYGGCQGNGNKFYSEKECREYCGVP,59,4U30,<local_path_removed>/SEQ_336F8F190F33_4U30_full.pdb,<local_path_removed>/SEQ_336F8F190F33_4U30.fasta,4U30_X:4-56,<local_path_removed>/SEQ_336F8F190F33_4U30_full.pdb,X,1,4,56,yes,ok,Updated to chain assignment X with slice 4-56
2355,SEQ_95114C4FEE02,VKVKFFWNGEEKEVDTSKIVWVKRAGKSVLFIYDDNGKNGYGDVTEKDAPKELLDMLARAEREKKLN,67,4CJ2,<local_path_removed>/SEQ_95114C4FEE02_4CJ2_full.pdb,<local_path_removed>/SEQ_95114C4FEE02_4CJ2.fasta,4CJ2_C:2-63,<local_path_removed>/SEQ_95114C4FEE02_4CJ2_full.pdb,C,1,2,63,yes,ok,Updated to chain assignment C with slice 2-63
2356,SEQ_40A6A53B7014,VKVKFHQIGEEKEVDTSKIKKVWRINTRLGMRVAFTYDDNGKTGRGMVPEKDAPKELLDMLARAEGKLN,69,4CJ1,<local_path_removed>/SEQ_40A6A53B7014_4CJ1_full.pdb,<local_path_removed>/SEQ_40A6A53B7014_4CJ1.fasta,,,,,,,yes,ok,Updated to chain assignment B
2357,SEQ_36FCF8B9D0BC,VKVKFVSSGEEKEVDTSKIKKVWRNLTKYGTIVQFTYDDNGKTGRGYVRELDAPKELLDMLARAEGKLN,69,4CJ0,<local_path_removed>/SEQ_36FCF8B9D0BC_4CJ0_full.pdb,<local_path_removed>/SEQ_36FCF8B9D0BC_4CJ0.fasta,,,,,,,yes,ok,Updated to chain assignment B
2371,SEQ_D1FAD35F06CC,VREVCSEQAETGPCRAMISRWYFDVTEGKCAPFFYGGCGGNRNNFDTEEYCMAVCGSA,58,1AAP,<local_path_removed>/SEQ_D1FAD35F06CC_1AAP_full.pdb,<local_path_removed>/SEQ_D1FAD35F06CC_1AAP.fasta,1AAP_A,<local_path_removed>/SEQ_D1FAD35F06CC_1AAP_full.pdb,A,1,1,56,yes,ok,Updated to chain assignment A
2372,SEQ_07029C614CC0,VREVCSEQAETGPCRAMISRWYFDVTEGKCAPFFYGGCGGNRNNFDTEEYCMAVCGSAI,59,1AAP,<local_path_removed>/SEQ_07029C614CC0_1AAP_full.pdb,<local_path_removed>/SEQ_07029C614CC0_1AAP.fasta,1AAP_A:1-56,<local_path_removed>/SEQ_07029C614CC0_1AAP_full.pdb,A,1,1,56,yes,ok,Updated to chain assignment A with slice 1-56
2452,SEQ_22C968113954,VSPKKTHWTAEITPNLHGSEVVVAGWVAHLGDYGRVKIVKVSDREGGAAVPVYLERGKTPDHLFKVFAELSREDVVVIKGIVEATTVTRWDTGVEIFPSEIWILNKA,107,4GLV,<local_path_removed>/SEQ_22C968113954_4GLV_full.pdb,<local_path_removed>/SEQ_22C968113954_4GLV.fasta,4GLV_H,<local_path_removed>/SEQ_22C968113954_4GLV_full.pdb,H,1,1,107,yes,ok,Updated to chain assignment B
2552,SEQ_2BD3310BCB41,VYPKKTHWTAEITPNLHGTEVVVAGWVASLGDYGRVKIVKVSDREGGAAVPVYLEAGKTPDHLFKVFAELSREDVVVIKGIVEASKGVGRGVEIFPSEIWILNKAKPLPID,111,4GLA,<local_path_removed>/SEQ_2BD3310BCB41_4GLA_full.pdb,<local_path_removed>/SEQ_2BD3310BCB41_4GLA.fasta,,,,,,,yes,ok,Updated to chain assignment C
510,SEQ_312FE63D2D1B,GCPRILIRCKQDSDCLAGCVCGPNGFCGSP,30,1W7Z,<local_path_removed>/SEQ_312FE63D2D1B_1W7Z_full.pdb,<local_path_removed>/SEQ_312FE63D2D1B_1W7Z.fasta,,,,,,,yes,ok,Updated to chain assignment A
621,SEQ_3F55D42EFA01,GIGDPVTCLKSGAICHPVFCPRRYKQIGTCGLPGTKCCKKP,41,1FD3,<local_path_removed>/SEQ_3F55D42EFA01_1FD3_full.pdb,<local_path_removed>/SEQ_3F55D42EFA01_1FD3.fasta,,,,,,,yes,ok,Updated to chain assignment A
753,SEQ_79F9491B1A52,GPSQVQLVESGGGLVQAGGSLRLSCAASGFPVSSSTMTWYRQAPGKEREWVAAINSYGYYTVYADSVKGRFTISRDNAKNTVYLQMNSLKPEDTAVYYCNVKDTGQMRESYDYWGQGTQVTVSA,124,6TEJ,<local_path_removed>/SEQ_79F9491B1A52_6TEJ_full.pdb,<local_path_removed>/SEQ_79F9491B1A52_6TEJ.fasta,,,,,,,yes,ok,Updated to chain assignment C
812,SEQ_0A43980CF5AE,GSSSQMQLVESGGGLVQAGGSLTLSCAASGRTFSDYDMGWFRQAPGKAREFVARISRSGRMTSLADSVKGRFTISRDNGKRTVYLQMNSLKPEDTAVYYCAADPQWSRVRSGADYWGQGTRVTVSAGRAGEQKLISEEDLNSAVD,145,6QGW,<local_path_removed>/SEQ_0A43980CF5AE_6QGW_full.pdb,<local_path_removed>/SEQ_0A43980CF5AE_6QGW.fasta,,,,,,,yes,ok,Updated to chain assignment B
813,SEQ_186CCCEEDA61,GSSSQVQLVESGGGLVQAGGSLRLSCAASGFPVYSWNMWWYRQAPGKEREWVAAIESHGDSTRYADSVKGRFTISRDNAKNTVYLQMNSLKPEDTAVYYCYVWVGHTYYGQGTQVTVSAGRAGEQKLISEEDLNSAVD,138,7C8V,<local_path_removed>/SEQ_186CCCEEDA61_7C8V_full.pdb,<local_path_removed>/SEQ_186CCCEEDA61_7C8V.fasta,,,,,,,yes,ok,Updated to chain assignment B
1185,SEQ_30F9B6F39123,MADVQLQESGGGSVQAGGSLRLSCAASGDTFSSYSMAWFRQAPGKECELVSNILRDGTTTYAGSVKGRFTISRDDAKNTVYLQMVNLKSEDTARYYCAADSGTQLGYVGAVGLSCLDYVMDYWGKGTQVTVSS,133,3G9A,<local_path_removed>/SEQ_30F9B6F39123_3G9A_full.pdb,<local_path_removed>/SEQ_30F9B6F39123_3G9A.fasta,,,,,,,yes,ok,Updated to chain assignment B
1261,SEQ_3C76052FA1FE,MAQVQLVESGGGLVQAGGSLRLSCAVSGRPFSEYNLGWFRQAPGKEREFVARIRSSGTTVYTDSVKGRFSASRDNAKNMGYLQLNSLEPEDTAVYYCAMSRVDTDSPAFYDYWGQGTQVTVSTPRS,126,8IM0,<local_path_removed>/SEQ_3C76052FA1FE_8IM0_full.pdb,<local_path_removed>/SEQ_3C76052FA1FE_8IM0.fasta,,,,,,,yes,ok,Updated to chain assignment B
2111,SEQ_6D1757AEA160,QVQLQESGGGLVQAGSSLRLACAATGSIRSINNMGWYRQAPGKQRGMVAIITRVGNTDYADSVKGRFTISRDNAKNTVYLQMNSLKPEDTATYYCHAEITEQSRPFYLTDDYWGQGTQVTVSS,123,6GJS,<local_path_removed>/SEQ_6D1757AEA160_6GJS_full.pdb,<local_path_removed>/SEQ_6D1757AEA160_6GJS.fasta,,,,,,,yes,ok,Updated to chain assignment B
