protein_row_id,structure_unique_sequence_id,loop_id,Scaffold_Category,complex_structure_path,tbp_chain_id,target_chain_id,selected_target_chain_id,loop_start,loop_end,loop_length,binding_residue_count,nonbinding_residue_count,binding_fraction,mean_binding_rel_asa,mean_nonbinding_rel_asa,mean_binding_delta_asa_proxy,mean_nonbinding_delta_asa_proxy,delta_asa_supported_residue_count,core_interface_residue_count,core_interface_strict_residue_count,dssp_matched_residue_count
1258,SEQ_0554358C6AE2,SEQ_0554358C6AE2:A:L14,obody,<local_path_removed>/SEQ_0554358C6AE2_7SAI_full.pdb,A,C,C,188.0,198.0,11.0,2,9,0.18181818181818182,0.219498450267681,0.48840008799253465,10.264839836339291,0.0,2,1,1,11
1258,SEQ_0554358C6AE2,SEQ_0554358C6AE2:A:L15,obody,<local_path_removed>/SEQ_0554358C6AE2_7SAI_full.pdb,A,C,C,209.0,216.0,8.0,0,8,0.0,,0.5249830468667981,,0.0,0,0,0,8
1258,SEQ_0554358C6AE2,SEQ_0554358C6AE2:A:L5,obody,<local_path_removed>/SEQ_0554358C6AE2_7SAI_full.pdb,A,C,C,49.0,56.0,8.0,0,8,0.0,,0.32249931018439665,,0.0,0,0,0,8
1191,SEQ_0B6F4002C5B8,SEQ_0B6F4002C5B8:C:L12,obody,<local_path_removed>/SEQ_0B6F4002C5B8_8SFZ_full.pdb,C,A|B|D|E|F,D,102.0,113.0,12.0,5,7,0.4166666666666667,0.380961382186672,0.4120087227629819,36.344849161612764,0.0,5,5,4,12
1191,SEQ_0B6F4002C5B8,SEQ_0B6F4002C5B8:C:L5,obody,<local_path_removed>/SEQ_0B6F4002C5B8_8SFZ_full.pdb,C,A|B|D|E|F,A,41.0,46.0,6.0,3,3,0.5,0.5621501726324213,0.7529596744358121,14.635796338341626,0.0,2,1,1,6
1191,SEQ_0B6F4002C5B8,SEQ_0B6F4002C5B8:C:L6,obody,<local_path_removed>/SEQ_0B6F4002C5B8_8SFZ_full.pdb,C,A|B|D|E|F,D,53.0,58.0,6.0,2,4,0.3333333333333333,0.06910405162251035,0.36969461697722567,59.1773702847663,0.0,2,2,2,6
2326,SEQ_0BF607134B7A,SEQ_0BF607134B7A:A:L12,obody,<local_path_removed>/SEQ_0BF607134B7A_5M13_full.pdb,A,B,B,119.0,128.0,10.0,2,8,0.2,0.4497938852627963,0.4047854322804595,5.434326972179627,0.0,2,1,0,10
2326,SEQ_0BF607134B7A,SEQ_0BF607134B7A:A:L2,obody,<local_path_removed>/SEQ_0BF607134B7A_5M13_full.pdb,A,B,B,11.0,16.0,6.0,0,6,0.0,,0.2703812901814287,,0.0,0,0,0,6
2326,SEQ_0BF607134B7A,SEQ_0BF607134B7A:A:L5,obody,<local_path_removed>/SEQ_0BF607134B7A_5M13_full.pdb,A,B,B,52.0,58.0,7.0,0,7,0.0,,0.2995876498663681,,0.0,0,0,0,7
601,SEQ_1714AE38107E,SEQ_1714AE38107E:A:L3,adnectin,<local_path_removed>/SEQ_1714AE38107E_3T04_full.pdb,A,D,D,173.0,179.0,7.0,0,7,0.0,,0.4954560352485502,,0.0,0,0,0,7
601,SEQ_1714AE38107E,SEQ_1714AE38107E:A:L5,adnectin,<local_path_removed>/SEQ_1714AE38107E_3T04_full.pdb,A,D,D,198.0,202.0,5.0,0,5,0.0,,0.5244619240811493,,0.0,0,0,0,5
829,SEQ_18D0CD9C3A55,SEQ_18D0CD9C3A55:A:L3,adnectin,<local_path_removed>/SEQ_18D0CD9C3A55_3K2M_full.pdb,A,B|C|D,D,173.0,179.0,7.0,2,5,0.2857142857142857,0.32692307692307687,0.6097815573012662,5.901971888222384,0.0,1,1,1,7
829,SEQ_18D0CD9C3A55,SEQ_18D0CD9C3A55:A:L5,adnectin,<local_path_removed>/SEQ_18D0CD9C3A55_3K2M_full.pdb,A,B|C|D,C,198.0,202.0,5.0,3,2,0.6,0.33749751425408325,0.43400116144018575,26.686376082044234,0.0,3,1,1,5
1192,SEQ_1CA56C5E8DBE,SEQ_1CA56C5E8DBE:A:L14,obody,<local_path_removed>/SEQ_1CA56C5E8DBE_8G0I_full.pdb,A,D,D,188.0,198.0,11.0,0,11,0.0,,0.4712426826648139,,0.0,0,0,0,11
1192,SEQ_1CA56C5E8DBE,SEQ_1CA56C5E8DBE:A:L15,obody,<local_path_removed>/SEQ_1CA56C5E8DBE_8G0I_full.pdb,A,D,D,209.0,216.0,8.0,0,8,0.0,,0.5325662292678799,,0.0,0,0,0,8
1192,SEQ_1CA56C5E8DBE,SEQ_1CA56C5E8DBE:A:L5,obody,<local_path_removed>/SEQ_1CA56C5E8DBE_8G0I_full.pdb,A,D,D,49.0,56.0,8.0,0,8,0.0,,0.2976245986199358,,0.0,0,0,0,8
1267,SEQ_1CC34C502B41,SEQ_1CC34C502B41:A:L14,obody,<local_path_removed>/SEQ_1CC34C502B41_6LR7_full.pdb,A,B,B,188.0,198.0,11.0,2,9,0.18181818181818182,0.20459988729219494,0.4984020353948494,17.842084856644355,0.0,2,2,1,11
1267,SEQ_1CC34C502B41,SEQ_1CC34C502B41:A:L15,obody,<local_path_removed>/SEQ_1CC34C502B41_6LR7_full.pdb,A,B,B,209.0,216.0,8.0,0,8,0.0,,0.5656297444626357,,0.0,0,0,0,8
1267,SEQ_1CC34C502B41,SEQ_1CC34C502B41:A:L5,obody,<local_path_removed>/SEQ_1CC34C502B41_6LR7_full.pdb,A,B,B,49.0,56.0,8.0,0,8,0.0,,0.32495451847863843,,0.0,0,0,0,8
868,SEQ_2ABEBB512F26,SEQ_2ABEBB512F26:A:L2,adnectin,<local_path_removed>/SEQ_2ABEBB512F26_6ZZ8_full.pdb,A,B|C|D|E|F|G|H|I|J|K|L,B,53.0,61.0,9.0,0,9,0.0,,0.49325324136142207,,0.0,0,0,0,9
1255,SEQ_2FA8D9D04DBC,SEQ_2FA8D9D04DBC:A:L14,obody,<local_path_removed>/SEQ_2FA8D9D04DBC_8SFX_full.pdb,A,B|C|D,C,188.0,198.0,11.0,0,11,0.0,,0.47615529647243593,,0.0,0,0,0,11
1255,SEQ_2FA8D9D04DBC,SEQ_2FA8D9D04DBC:A:L15,obody,<local_path_removed>/SEQ_2FA8D9D04DBC_8SFX_full.pdb,A,B|C|D,C,209.0,216.0,8.0,5,3,0.625,0.30453477054692113,0.5320407648320439,46.902678955374085,0.0,5,4,4,8
1255,SEQ_2FA8D9D04DBC,SEQ_2FA8D9D04DBC:A:L2,obody,<local_path_removed>/SEQ_2FA8D9D04DBC_8SFX_full.pdb,A,B|C|D,C,7.0,11.0,5.0,0,5,0.0,,0.4142022495253806,,0.0,0,0,0,5
861,SEQ_30E71A87FFD5,SEQ_30E71A87FFD5:A:L3,adnectin,<local_path_removed>/SEQ_30E71A87FFD5_3UYO_full.pdb,A,D,D,173.0,179.0,7.0,2,5,0.2857142857142857,0.31241078509119746,0.6058385405444229,25.55973393582365,0.8844010576456185,1,1,1,7
861,SEQ_30E71A87FFD5,SEQ_30E71A87FFD5:A:L5,adnectin,<local_path_removed>/SEQ_30E71A87FFD5_3UYO_full.pdb,A,D,D,198.0,202.0,5.0,0,5,0.0,,0.5092387303397781,,0.0,0,0,0,5
1657,SEQ_35D884849E58,SEQ_35D884849E58:A:L10,obody,<local_path_removed>/SEQ_35D884849E58_5OVW_full.pdb,A,B|C|D|E|F|G|H|I|J|K|L,C,99.0,103.0,5.0,4,1,0.8,0.30237047192957134,0.5853658536585366,34.725685502641724,0.0,4,3,3,5
1657,SEQ_35D884849E58,SEQ_35D884849E58:A:L13,obody,<local_path_removed>/SEQ_35D884849E58_5OVW_full.pdb,A,B|C|D|E|F|G|H|I|J|K|L,D,150.0,155.0,6.0,1,5,0.16666666666666666,0.0045045045045045,0.588467514024602,19.304156944883815,0.21871768054292318,1,1,1,6
1657,SEQ_35D884849E58,SEQ_35D884849E58:A:L19,obody,<local_path_removed>/SEQ_35D884849E58_5OVW_full.pdb,A,B|C|D|E|F|G|H|I|J|K|L,D,227.0,235.0,9.0,2,7,0.2222222222222222,0.3573137835015663,0.3942820094356469,4.7624282681710675,0.0,2,1,0,9
867,SEQ_3DE792DCE425,SEQ_3DE792DCE425:W:L2,adnectin,<local_path_removed>/SEQ_3DE792DCE425_6BYN_full.pdb,W,M,M,54.0,58.0,5.0,0,5,0.0,,0.27201844747859893,,0.0,0,0,0,5
867,SEQ_3DE792DCE425,SEQ_3DE792DCE425:W:L5,adnectin,<local_path_removed>/SEQ_3DE792DCE425_6BYN_full.pdb,W,M,M,85.0,89.0,5.0,1,4,0.2,0.0595238095238095,0.47763785790031815,9.66102572831933,0.0,1,1,0,5
2486,SEQ_406F3752AC75,SEQ_406F3752AC75:A:L5,adnectin,<local_path_removed>/SEQ_406F3752AC75_7JXU_full.pdb,A,B|C|D,C,272.0,277.0,6.0,0,6,0.0,,0.5896483357391163,,0.0,0,0,0,6
866,SEQ_439123450DAA,SEQ_439123450DAA:A:L2,adnectin,<local_path_removed>/SEQ_439123450DAA_6C83_full.pdb,A,B|C|D,D,153.0,157.0,5.0,0,5,0.0,,0.4219325280115177,,0.0,0,0,0,5
866,SEQ_439123450DAA,SEQ_439123450DAA:A:L9,adnectin,<local_path_removed>/SEQ_439123450DAA_6C83_full.pdb,A,B|C|D,B,265.0,269.0,5.0,0,5,0.0,,0.42339175186481154,,0.0,0,0,0,5
1249,SEQ_5DD7825C5020,SEQ_5DD7825C5020:A:L14,obody,<local_path_removed>/SEQ_5DD7825C5020_3K1K_full.pdb,A,B|C|D,C,188.0,198.0,11.0,0,11,0.0,,0.4327317443114227,,0.0,0,0,0,11
1249,SEQ_5DD7825C5020,SEQ_5DD7825C5020:A:L15,obody,<local_path_removed>/SEQ_5DD7825C5020_3K1K_full.pdb,A,B|C|D,C,209.0,216.0,8.0,0,8,0.0,,0.5567328637926757,,0.0,0,0,0,8
1249,SEQ_5DD7825C5020,SEQ_5DD7825C5020:A:L5,obody,<local_path_removed>/SEQ_5DD7825C5020_3K1K_full.pdb,A,B|C|D,D,49.0,56.0,8.0,0,8,0.0,,0.34139532315846294,,0.0,0,0,0,8
2549,SEQ_5E0360EB6E26,SEQ_5E0360EB6E26:L:L1,cyclotide,<local_path_removed>/SEQ_5E0360EB6E26_1HRT_full.pdb,L,H|I,H,1.0,14.0,24.0,32,3,0.9142857142857143,0.3162602767723684,0.6211894509043255,32.44989143703822,1.0935884027146112,32,17,16,35
2549,SEQ_5E0360EB6E26,SEQ_5E0360EB6E26:L:L2,cyclotide,<local_path_removed>/SEQ_5E0360EB6E26_1HRT_full.pdb,L,H|I,H,14.0,15.0,5.0,15,0,1.0,0.3404007740222129,,8.314214066870857,,15,1,1,15
2331,SEQ_60C293903050,SEQ_60C293903050:A:L3,adnectin,<local_path_removed>/SEQ_60C293903050_5KVM_full.pdb,A,B|C|D|E,D,70.0,85.0,16.0,0,16,0.0,,0.40873281780064724,,0.0,0,0,0,16
2331,SEQ_60C293903050,SEQ_60C293903050:A:L7,adnectin,<local_path_removed>/SEQ_60C293903050_5KVM_full.pdb,A,B|C|D|E,C,127.0,135.0,9.0,0,9,0.0,,0.49126270779605363,,0.0,0,0,0,9
1254,SEQ_6B5DFA1421BB,SEQ_6B5DFA1421BB:A:L14,obody,<local_path_removed>/SEQ_6B5DFA1421BB_8SFV_full.pdb,A,B,B,188.0,198.0,11.0,1,10,0.09090909090909091,0.4140127388535032,0.45358466175620576,34.9398510154296,0.0,1,1,1,11
1254,SEQ_6B5DFA1421BB,SEQ_6B5DFA1421BB:A:L15,obody,<local_path_removed>/SEQ_6B5DFA1421BB_8SFV_full.pdb,A,B,B,209.0,216.0,8.0,0,8,0.0,,0.5289786951052158,,0.0,0,0,0,8
1254,SEQ_6B5DFA1421BB,SEQ_6B5DFA1421BB:A:L5,obody,<local_path_removed>/SEQ_6B5DFA1421BB_8SFV_full.pdb,A,B,B,49.0,56.0,8.0,0,8,0.0,,0.2765457643036603,,0.0,0,0,0,8
1193,SEQ_7366BEE21DF0,SEQ_7366BEE21DF0:A:L14,obody,<local_path_removed>/SEQ_7366BEE21DF0_8SLC_full.pdb,A,B|C|D,C,188.0,198.0,11.0,1,10,0.09090909090909091,0.4267515923566879,0.4613142919324523,49.885349746352325,0.0,1,1,1,11
1193,SEQ_7366BEE21DF0,SEQ_7366BEE21DF0:A:L15,obody,<local_path_removed>/SEQ_7366BEE21DF0_8SLC_full.pdb,A,B|C|D,B,209.0,216.0,8.0,4,4,0.5,0.4330496394502259,0.48648536569690914,28.70630287217673,0.0,4,4,4,8
1193,SEQ_7366BEE21DF0,SEQ_7366BEE21DF0:A:L5,obody,<local_path_removed>/SEQ_7366BEE21DF0_8SLC_full.pdb,A,B|C|D,B,49.0,56.0,8.0,0,8,0.0,,0.32398610638003045,,0.0,0,0,0,8
2080,SEQ_762CE1C8AC9D,SEQ_762CE1C8AC9D:A:L11,obody,<local_path_removed>/SEQ_762CE1C8AC9D_6SSP_full.pdb,A,B|C|D|E|F|G|H|I|J|K|L,B,150.0,154.0,5.0,2,3,0.4,0.31696378095202205,0.5962845212039617,13.705600075145131,0.36452946757153387,2,2,2,5
2080,SEQ_762CE1C8AC9D,SEQ_762CE1C8AC9D:A:L14,obody,<local_path_removed>/SEQ_762CE1C8AC9D_6SSP_full.pdb,A,B|C|D|E|F|G|H|I|J|K|L,E,175.0,186.0,7.0,1,6,0.14285714285714285,0.5706521739130435,0.6302429923101872,74.92651983240386,0.0,1,1,1,7
2080,SEQ_762CE1C8AC9D,SEQ_762CE1C8AC9D:A:L3,obody,<local_path_removed>/SEQ_762CE1C8AC9D_6SSP_full.pdb,A,B|C|D|E|F|G|H|I|J|K|L,K,45.0,50.0,6.0,3,3,0.5,0.1279253148051698,0.4721920475507276,30.360615298074663,1.7857650401045266,3,3,2,6
1262,SEQ_7BECFC6DD214,SEQ_7BECFC6DD214:A:L13,obody,<local_path_removed>/SEQ_7BECFC6DD214_7SAL_full.pdb,A,B|C|D,B,184.0,192.0,9.0,1,8,0.1111111111111111,0.3902439024390244,0.45664749814226036,0.0,0.0,0,0,0,9
1262,SEQ_7BECFC6DD214,SEQ_7BECFC6DD214:A:L14,obody,<local_path_removed>/SEQ_7BECFC6DD214_7SAL_full.pdb,A,B|C|D,B,205.0,209.0,5.0,0,5,0.0,,0.4401009440374417,,0.0,0,0,0,5
1262,SEQ_7BECFC6DD214,SEQ_7BECFC6DD214:A:L9,obody,<local_path_removed>/SEQ_7BECFC6DD214_7SAL_full.pdb,A,B|C|D,B,128.0,139.0,12.0,0,12,0.0,,0.3701819476958443,,0.0,0,0,0,12
2329,SEQ_7C086D962507,SEQ_7C086D962507:A:L2,adnectin,<local_path_removed>/SEQ_7C086D962507_6ZZD_full.pdb,A,B|C|D,C,54.0,59.0,6.0,2,4,0.3333333333333333,0.4398127617639812,0.5640560516308569,47.91915885136193,0.0,2,2,2,6
1160,SEQ_8368E410D85E,SEQ_8368E410D85E:L:L2,cyclotide,<local_path_removed>/SEQ_8368E410D85E_2PW8_full.pdb,L,H|I,H,11.0,14.0,6.0,15,0,1.0,0.42343548114432833,,2.9697383200999874,,15,1,1,15
2075,SEQ_85821AC39478,SEQ_85821AC39478:A:L11,obody,<local_path_removed>/SEQ_85821AC39478_6SSI_full.pdb,A,B|C|D|E|F|G|H|I|J,E,149.0,159.0,11.0,5,6,0.45454545454545453,0.31162496786186233,0.4431540681264597,50.284940225695955,0.603814108019956,5,5,5,11
2075,SEQ_85821AC39478,SEQ_85821AC39478:A:L13,obody,<local_path_removed>/SEQ_85821AC39478_6SSI_full.pdb,A,B|C|D|E|F|G|H|I|J,G,175.0,186.0,9.0,2,7,0.2222222222222222,0.46462389970658846,0.5513534270719295,29.59112615987499,0.4591967245983101,2,2,2,9
2075,SEQ_85821AC39478,SEQ_85821AC39478:A:L3,obody,<local_path_removed>/SEQ_85821AC39478_6SSI_full.pdb,A,B|C|D|E|F|G|H|I|J,F,45.0,50.0,6.0,0,6,0.0,,0.5421446390193804,,0.0,0,0,0,6
1187,SEQ_86C6A37C085D,SEQ_86C6A37C085D:A:L14,obody,<local_path_removed>/SEQ_86C6A37C085D_8SG3_full.pdb,A,B,B,188.0,198.0,11.0,1,10,0.09090909090909091,0.4968152866242038,0.4679968812134921,25.006135044778674,0.0,1,1,1,11
1187,SEQ_86C6A37C085D,SEQ_86C6A37C085D:A:L15,obody,<local_path_removed>/SEQ_86C6A37C085D_8SG3_full.pdb,A,B,B,209.0,216.0,8.0,0,8,0.0,,0.5567539172167284,,0.0,0,0,0,8
1187,SEQ_86C6A37C085D,SEQ_86C6A37C085D:A:L5,obody,<local_path_removed>/SEQ_86C6A37C085D_8SG3_full.pdb,A,B,B,49.0,56.0,8.0,0,8,0.0,,0.2718099125600085,,0.0,0,0,0,8
863,SEQ_890734E64965,SEQ_890734E64965:B:L2,adnectin,<local_path_removed>/SEQ_890734E64965_5E95_full.pdb,B,A,A,24.0,30.0,7.0,1,6,0.14285714285714285,0.1963190184049079,0.5641149896046647,29.065562841670648,0.0,1,1,1,7
863,SEQ_890734E64965,SEQ_890734E64965:B:L5,adnectin,<local_path_removed>/SEQ_890734E64965_5E95_full.pdb,B,A,A,60.0,66.0,7.0,0,7,0.0,,0.49672346807813855,,0.0,0,0,0,7
1823,SEQ_92203BA510FF,SEQ_92203BA510FF:A:L14,obody,<local_path_removed>/SEQ_92203BA510FF_3OGO_full.pdb,A,B|C|D|E|F|G|H,F,188.0,198.0,11.0,0,11,0.0,,0.45462273305092377,,0.0,0,0,0,11
1823,SEQ_92203BA510FF,SEQ_92203BA510FF:A:L15,obody,<local_path_removed>/SEQ_92203BA510FF_3OGO_full.pdb,A,B|C|D|E|F|G|H,E,209.0,216.0,8.0,1,7,0.125,0.929936305732484,0.5276794002351107,28.674949777493907,0.0,1,1,1,8
1823,SEQ_92203BA510FF,SEQ_92203BA510FF:A:L8,obody,<local_path_removed>/SEQ_92203BA510FF_3OGO_full.pdb,A,B|C|D|E|F|G|H,F,87.0,91.0,5.0,0,5,0.0,,0.2155617895740615,,0.0,0,0,0,5
2191,SEQ_9CC5D9C3F524,SEQ_9CC5D9C3F524:A:L3,obody,<local_path_removed>/SEQ_9CC5D9C3F524_5IVN_full.pdb,A,B,B,13.0,17.0,5.0,0,5,0.0,,0.49468224585871645,,0.0,0,0,0,5
2191,SEQ_9CC5D9C3F524,SEQ_9CC5D9C3F524:A:L4,obody,<local_path_removed>/SEQ_9CC5D9C3F524_5IVN_full.pdb,A,B,B,24.0,32.0,9.0,0,9,0.0,,0.4808112356155557,,0.0,0,0,0,9
2191,SEQ_9CC5D9C3F524,SEQ_9CC5D9C3F524:A:L5,obody,<local_path_removed>/SEQ_9CC5D9C3F524_5IVN_full.pdb,A,B,B,40.0,45.0,6.0,2,4,0.3333333333333333,0.2475266045892916,0.5904261186757261,29.785157205346,0.0,2,2,1,6
2085,SEQ_A56B64459A26,SEQ_A56B64459A26:A:L5,obody,<local_path_removed>/SEQ_A56B64459A26_4S10_full.pdb,A,B|C|D,C,40.0,44.0,5.0,0,5,0.0,,0.6009953343186777,,0.0,0,0,0,5
2085,SEQ_A56B64459A26,SEQ_A56B64459A26:A:L6,obody,<local_path_removed>/SEQ_A56B64459A26_4S10_full.pdb,A,B|C|D,C,52.0,57.0,6.0,1,5,0.16666666666666666,0.1209677419354838,0.4161167002012073,37.18200569229664,0.0,1,1,1,6
2085,SEQ_A56B64459A26,SEQ_A56B64459A26:A:L7,obody,<local_path_removed>/SEQ_A56B64459A26_4S10_full.pdb,A,B|C|D,C,61.0,67.0,7.0,0,7,0.0,,0.45559477379629626,,0.0,0,0,0,7
869,SEQ_A6F0AF641FAE,SEQ_A6F0AF641FAE:A:L10,adnectin,<local_path_removed>/SEQ_A6F0AF641FAE_5G15_full.pdb,A,B,B,265.0,269.0,5.0,0,5,0.0,,0.4232058015251946,,0.0,0,0,0,5
2130,SEQ_C03C280E359D,SEQ_C03C280E359D:A:L14,obody,<local_path_removed>/SEQ_C03C280E359D_3K1K_full.pdb,A,B|C|D,C,188.0,198.0,11.0,0,11,0.0,,0.4327317443114227,,0.0,0,0,0,11
2130,SEQ_C03C280E359D,SEQ_C03C280E359D:A:L15,obody,<local_path_removed>/SEQ_C03C280E359D_3K1K_full.pdb,A,B|C|D,C,209.0,216.0,8.0,0,8,0.0,,0.5567328637926757,,0.0,0,0,0,8
2130,SEQ_C03C280E359D,SEQ_C03C280E359D:A:L5,obody,<local_path_removed>/SEQ_C03C280E359D_3K1K_full.pdb,A,B|C|D,D,49.0,56.0,8.0,0,8,0.0,,0.34139532315846294,,0.0,0,0,0,8
1270,SEQ_C0721F7EF627,SEQ_C0721F7EF627:A:L13,obody,<local_path_removed>/SEQ_C0721F7EF627_8ILX_full.pdb,A,B|C|D,D,184.0,192.0,9.0,4,5,0.4444444444444444,0.21587588659647983,0.3909177559099056,39.595540531602296,0.0,4,4,4,9
1270,SEQ_C0721F7EF627,SEQ_C0721F7EF627:A:L14,obody,<local_path_removed>/SEQ_C0721F7EF627_8ILX_full.pdb,A,B|C|D,C,205.0,209.0,5.0,0,5,0.0,,0.3714242261146333,,0.0,0,0,0,5
1270,SEQ_C0721F7EF627,SEQ_C0721F7EF627:A:L9,obody,<local_path_removed>/SEQ_C0721F7EF627_8ILX_full.pdb,A,B|C|D,C,128.0,139.0,12.0,0,12,0.0,,0.3370024176470428,,0.0,0,0,0,12
1268,SEQ_C8AD8FAD4C66,SEQ_C8AD8FAD4C66:A:L13,obody,<local_path_removed>/SEQ_C8AD8FAD4C66_6IR1_full.pdb,A,B,B,184.0,192.0,9.0,7,2,0.7777777777777778,0.2997764853419585,0.4285319834330419,24.313706481577857,0.0,7,4,4,9
1268,SEQ_C8AD8FAD4C66,SEQ_C8AD8FAD4C66:A:L14,obody,<local_path_removed>/SEQ_C8AD8FAD4C66_6IR1_full.pdb,A,B,B,205.0,209.0,5.0,0,5,0.0,,0.4538942848674953,,0.0,0,0,0,5
1268,SEQ_C8AD8FAD4C66,SEQ_C8AD8FAD4C66:A:L9,obody,<local_path_removed>/SEQ_C8AD8FAD4C66_6IR1_full.pdb,A,B,B,128.0,139.0,12.0,0,12,0.0,,0.3678941611957461,,0.0,0,0,0,12
1055,SEQ_C9C8EBBA0CB9,SEQ_C9C8EBBA0CB9:E:L2,adnectin,<local_path_removed>/SEQ_C9C8EBBA0CB9_4M6A_full.pdb,E,A|B|C|D|F|G|H|I|J,F,24.0,30.0,7.0,3,4,0.42857142857142855,0.22008517514850012,0.6265771501331172,19.72459419531864,0.9057211620299359,3,2,2,7
1055,SEQ_C9C8EBBA0CB9,SEQ_C9C8EBBA0CB9:E:L3,adnectin,<local_path_removed>/SEQ_C9C8EBBA0CB9_4M6A_full.pdb,E,A|B|C|D|F|G|H|I|J,B,39.0,45.0,7.0,4,3,0.5714285714285714,0.20055334927283988,0.25824258718400034,48.08168286411008,0.0,4,4,4,7
1055,SEQ_C9C8EBBA0CB9,SEQ_C9C8EBBA0CB9:E:L6,adnectin,<local_path_removed>/SEQ_C9C8EBBA0CB9_4M6A_full.pdb,E,A|B|C|D|F|G|H|I|J,F,77.0,83.0,7.0,5,2,0.7142857142857143,0.4990616325802851,0.7261904761904762,18.90093981098087,0.0,5,4,3,7
2082,SEQ_CD948A10D4F3,SEQ_CD948A10D4F3:A:L11,obody,<local_path_removed>/SEQ_CD948A10D4F3_6HJX_full.pdb,A,B|C|D|E|F|G|H|I|J,G,149.0,154.0,6.0,5,1,0.8333333333333334,0.2942796486528366,0.3949044585987261,56.035912091342084,2.415256432079836,5,5,5,6
2082,SEQ_CD948A10D4F3,SEQ_CD948A10D4F3:A:L14,obody,<local_path_removed>/SEQ_CD948A10D4F3_6HJX_full.pdb,A,B|C|D|E|F|G|H|I|J,F,179.0,186.0,8.0,0,8,0.0,,0.5378700876280679,,0.8035942680470427,0,0,0,8
2082,SEQ_CD948A10D4F3,SEQ_CD948A10D4F3:A:L3,obody,<local_path_removed>/SEQ_CD948A10D4F3_6HJX_full.pdb,A,B|C|D|E|F|G|H|I|J,E,45.0,50.0,6.0,0,6,0.0,,0.4225996316937844,,0.0,0,0,0,6
2336,SEQ_E74695AA2DDF,SEQ_E74695AA2DDF:A:L12,cyclotide,<local_path_removed>/SEQ_E74695AA2DDF_3N57_full.pdb,A,B|C|D,C,208.0,213.0,6.0,0,6,0.0,,0.3370572321965119,,0.0,0,0,0,6
2336,SEQ_E74695AA2DDF,SEQ_E74695AA2DDF:A:L58,cyclotide,<local_path_removed>/SEQ_E74695AA2DDF_3N57_full.pdb,A,B|C|D,C,895.0,899.0,5.0,0,5,0.0,,0.27992971631268093,,0.0,0,0,0,5
434,SEQ_E96B1CA674B0,SEQ_E96B1CA674B0:A:L5,adnectin,<local_path_removed>/SEQ_E96B1CA674B0_7JW7_full.pdb,A,B,B,272.0,277.0,6.0,0,6,0.0,,0.6028490022406522,,0.0,0,0,0,6
434,SEQ_E96B1CA674B0,SEQ_E96B1CA674B0:A:L9,adnectin,<local_path_removed>/SEQ_E96B1CA674B0_7JW7_full.pdb,A,B,B,340.0,344.0,5.0,0,5,0.0,,0.3987077803979212,,0.0,0,0,0,5
754,SEQ_F139CC9099D6,SEQ_F139CC9099D6:A:L12,obody,<local_path_removed>/SEQ_F139CC9099D6_5M15_full.pdb,A,B|C|D,B,119.0,128.0,10.0,0,10,0.0,,0.4096907643786273,,0.0,0,0,0,10
754,SEQ_F139CC9099D6,SEQ_F139CC9099D6:A:L17,obody,<local_path_removed>/SEQ_F139CC9099D6_5M15_full.pdb,A,B|C|D,C,178.0,185.0,8.0,0,8,0.0,,0.30184016894276217,,0.0,0,0,0,8
754,SEQ_F139CC9099D6,SEQ_F139CC9099D6:A:L21,obody,<local_path_removed>/SEQ_F139CC9099D6_5M15_full.pdb,A,B|C|D,B,236.0,241.0,6.0,4,2,0.6666666666666666,0.2544569818477787,0.4819068255687974,43.92266343850666,1.6071885360940854,4,4,3,6
1260,SEQ_F7EBAA1039AC,SEQ_F7EBAA1039AC:A:L2,obody,<local_path_removed>/SEQ_F7EBAA1039AC_7SAJ_full.pdb,A,B|C|D|E|F|G|H|I|J,B,20.0,27.0,8.0,1,7,0.125,0.1309523809523809,0.33896183201978997,0.0,0.0,0,0,0,8
1260,SEQ_F7EBAA1039AC,SEQ_F7EBAA1039AC:A:L5,obody,<local_path_removed>/SEQ_F7EBAA1039AC_7SAJ_full.pdb,A,B|C|D|E|F|G|H|I|J,G,46.0,57.0,12.0,0,12,0.0,,0.2936153218324152,,0.0,0,0,0,12
1260,SEQ_F7EBAA1039AC,SEQ_F7EBAA1039AC:A:L8,obody,<local_path_removed>/SEQ_F7EBAA1039AC_7SAJ_full.pdb,A,B|C|D|E|F|G|H|I|J,B,111.0,122.0,12.0,0,12,0.0,,0.27842110859922037,,0.0,0,0,0,12
755,SEQ_F9B0E92F4C9C,SEQ_F9B0E92F4C9C:A:L12,obody,<local_path_removed>/SEQ_F9B0E92F4C9C_5M14_full.pdb,A,B|C|D,B,119.0,128.0,10.0,0,10,0.0,,0.4120558278115166,,0.0,0,0,0,10
755,SEQ_F9B0E92F4C9C,SEQ_F9B0E92F4C9C:A:L17,obody,<local_path_removed>/SEQ_F9B0E92F4C9C_5M14_full.pdb,A,B|C|D,C,178.0,185.0,8.0,0,8,0.0,,0.3274556683211972,,0.0,0,0,0,8
755,SEQ_F9B0E92F4C9C,SEQ_F9B0E92F4C9C:A:L5,obody,<local_path_removed>/SEQ_F9B0E92F4C9C_5M14_full.pdb,A,B|C|D,C,52.0,58.0,7.0,0,7,0.0,,0.3052137229863618,,0.17251831657712963,0,0,0,7
2325,SEQ_FE36E3653E64,SEQ_FE36E3653E64:E:L5,obody,<local_path_removed>/SEQ_FE36E3653E64_6H7L_full.pdb,E,A|B|C|D|F,A,49.0,53.0,5.0,0,5,0.0,,0.5181228900741096,,0.0,0,0,0,5
2325,SEQ_FE36E3653E64,SEQ_FE36E3653E64:E:L6,obody,<local_path_removed>/SEQ_FE36E3653E64_6H7L_full.pdb,E,A|B|C|D|F,A,60.0,65.0,6.0,0,6,0.0,,0.41369638113132096,,0.0,0,0,0,6
2325,SEQ_FE36E3653E64,SEQ_FE36E3653E64:E:L7,obody,<local_path_removed>/SEQ_FE36E3653E64_6H7L_full.pdb,E,A|B|C|D|F,A,71.0,76.0,6.0,0,6,0.0,,0.3967007414405604,,0.0,0,0,0,6
2332,SEQ_159684BF2544,SEQ_159684BF2544:A:L2,adnectin,<local_path_removed>/SEQ_159684BF2544_5N7E_full.pdb,A,B,B,25.0,31.0,7.0,0,7,0.0,,0.45257618787632337,,0.0,0,0,0,7
2332,SEQ_159684BF2544,SEQ_159684BF2544:A:L4,adnectin,<local_path_removed>/SEQ_159684BF2544_5N7E_full.pdb,A,B,B,52.0,56.0,5.0,0,5,0.0,,0.5067426332634367,,0.0,0,0,0,5
2332,SEQ_159684BF2544,SEQ_159684BF2544:A:L6,adnectin,<local_path_removed>/SEQ_159684BF2544_5N7E_full.pdb,A,B,B,77.0,88.0,12.0,0,12,0.0,,0.5061663032021909,,0.0,0,0,0,12
865,SEQ_9AC1982D3891,SEQ_9AC1982D3891:D:L4,adnectin,<local_path_removed>/SEQ_9AC1982D3891_5OC7_full.pdb,D,A|B|C,A,768.0,832.0,5.0,3,2,0.6,0.301557235005295,0.7431693125039529,17.29077304505119,1.6071885360940854,2,2,2,5
1482,SEQ_C13C2321512D,SEQ_C13C2321512D:A:L11,adnectin,<local_path_removed>/SEQ_C13C2321512D_3QWR_full.pdb,A,B|C|D,D,97.0,107.0,11.0,5,6,0.45454545454545453,0.2581123452169193,0.21270930057428575,41.37029659329062,0.0,5,5,5,11
1482,SEQ_C13C2321512D,SEQ_C13C2321512D:A:L4,adnectin,<local_path_removed>/SEQ_C13C2321512D_3QWR_full.pdb,A,B|C|D,C,41.0,47.0,7.0,0,7,0.0,,0.627281836765257,,0.0,0,0,0,7
1269,SEQ_020F8676D492,SEQ_020F8676D492:A:L21,obody,<local_path_removed>/SEQ_020F8676D492_6ZXN_full.pdb,A,B|C|D|E|F|G|H|I|J|K|L|M|N|O|P|Q|R,B,320.0,325.0,6.0,2,4,0.3333333333333333,0.45398841354723707,0.5223978286850365,12.159169940971474,0.0,2,2,2,6
1269,SEQ_020F8676D492,SEQ_020F8676D492:A:L22,obody,<local_path_removed>/SEQ_020F8676D492_6ZXN_full.pdb,A,B|C|D|E|F|G|H|I|J|K|L|M|N|O|P|Q|R,B,329.0,337.0,9.0,0,9,0.0,,0.4875248407402716,,0.0,0,0,0,9
1269,SEQ_020F8676D492,SEQ_020F8676D492:A:L43,obody,<local_path_removed>/SEQ_020F8676D492_6ZXN_full.pdb,A,B|C|D|E|F|G|H|I|J|K|L|M|N|O|P|Q|R,B,614.0,642.0,9.0,1,8,0.1111111111111111,0.4601226993865031,0.5385239867667297,49.6068538407969,0.0,1,1,1,9
512,SEQ_0A4C346BCB08,SEQ_0A4C346BCB08:E:L1,knottin,<local_path_removed>/SEQ_0A4C346BCB08_1H9I_full.pdb,E,I,I,128.0,134.0,6.0,0,6,0.0,,0.44589906079852043,,0.0,0,0,0,6
512,SEQ_0A4C346BCB08,SEQ_0A4C346BCB08:E:L2,knottin,<local_path_removed>/SEQ_0A4C346BCB08_1H9I_full.pdb,E,I,I,141.0,155.0,15.0,2,13,0.13333333333333333,0.32875952875952874,0.2850892778830976,42.51460161116772,0.08241992492790157,2,2,2,15
512,SEQ_0A4C346BCB08,SEQ_0A4C346BCB08:E:L4,knottin,<local_path_removed>/SEQ_0A4C346BCB08_1H9I_full.pdb,E,I,I,172.0,179.0,8.0,1,7,0.125,0.5454545454545454,0.4275670971876536,0.0,0.0,0,0,0,8
2223,SEQ_0F9483CFDCF2,SEQ_0F9483CFDCF2:E:L1,knottin,<local_path_removed>/SEQ_0F9483CFDCF2_1F2S_full.pdb,E,I,I,128.0,134.0,6.0,0,6,0.0,,0.45000579278859015,,0.0,0,0,0,6
2223,SEQ_0F9483CFDCF2,SEQ_0F9483CFDCF2:E:L2,knottin,<local_path_removed>/SEQ_0F9483CFDCF2_1F2S_full.pdb,E,I,I,141.0,155.0,15.0,5,10,0.3333333333333333,0.4166098790482032,0.27301964745080565,12.466895224575904,0.0,2,2,2,15
2223,SEQ_0F9483CFDCF2,SEQ_0F9483CFDCF2:E:L4,knottin,<local_path_removed>/SEQ_0F9483CFDCF2_1F2S_full.pdb,E,I,I,172.0,179.0,8.0,2,6,0.25,0.1355446355446355,0.49597296850213146,12.576266631217983,0.0,1,1,1,8
2079,SEQ_0FC7BDEA81BE,SEQ_0FC7BDEA81BE:A:L13,obody,<local_path_removed>/SEQ_0FC7BDEA81BE_5OCL_full.pdb,A,B|C|D|E|F|G|H,B,100.0,105.0,6.0,5,1,0.8333333333333334,0.38269303210701444,0.7615384615384615,45.28850100394429,0.0,5,5,4,6
2079,SEQ_0FC7BDEA81BE,SEQ_0FC7BDEA81BE:A:L6,obody,<local_path_removed>/SEQ_0FC7BDEA81BE_5OCL_full.pdb,A,B|C|D|E|F|G|H,B,42.0,47.0,6.0,0,6,0.0,,0.6066690609101305,,1.4966966280722265,0,0,0,6
2079,SEQ_0FC7BDEA81BE,SEQ_0FC7BDEA81BE:A:L7,obody,<local_path_removed>/SEQ_0FC7BDEA81BE_5OCL_full.pdb,A,B|C|D|E|F|G|H,B,54.0,58.0,5.0,4,1,0.8,0.3247270944631442,0.4523809523809524,36.760350551109774,0.0,4,4,4,5
242,SEQ_18C9D88F2AB1,SEQ_18C9D88F2AB1:A:L2,cyclotide,<local_path_removed>/SEQ_18C9D88F2AB1_1DFN_full.pdb,A,B,B,7.0,15.0,9.0,0,9,0.0,,0.5589207058846738,,0.0,0,0,0,9
2084,SEQ_1A2C51364873,SEQ_1A2C51364873:A:L10,obody,<local_path_removed>/SEQ_1A2C51364873_6WAQ_full.pdb,A,B|C|D,B,83.0,87.0,5.0,0,5,0.0,,0.36807469111612756,,0.0,0,0,0,5
2084,SEQ_1A2C51364873,SEQ_1A2C51364873:A:L2,obody,<local_path_removed>/SEQ_1A2C51364873_6WAQ_full.pdb,A,B|C|D,B,6.0,10.0,5.0,0,5,0.0,,0.3457932102261999,,0.0,0,0,0,5
2084,SEQ_1A2C51364873,SEQ_1A2C51364873:A:L3,obody,<local_path_removed>/SEQ_1A2C51364873_6WAQ_full.pdb,A,B|C|D,B,13.0,17.0,5.0,0,5,0.0,,0.4882662620398469,,0.0,0,0,0,5
750,SEQ_1C3CC39E95EE,SEQ_1C3CC39E95EE:A:L12,obody,<local_path_removed>/SEQ_1C3CC39E95EE_6QV1_full.pdb,A,B|C|D|E|F,B,340.0,348.0,9.0,3,6,0.3333333333333333,0.4937879789384582,0.44488251478680824,30.613647547975187,1.811442324059873,3,3,3,9
750,SEQ_1C3CC39E95EE,SEQ_1C3CC39E95EE:A:L14,obody,<local_path_removed>/SEQ_1C3CC39E95EE_6QV1_full.pdb,A,B|C|D|E|F,B,357.0,361.0,5.0,0,5,0.0,,0.3298104645235205,,0.0,0,0,0,5
750,SEQ_1C3CC39E95EE,SEQ_1C3CC39E95EE:A:L27,obody,<local_path_removed>/SEQ_1C3CC39E95EE_6QV1_full.pdb,A,B|C|D|E|F,B,515.0,519.0,5.0,0,5,0.0,,0.408574382401246,,0.0,0,0,0,5
752,SEQ_2058A4111A75,SEQ_2058A4111A75:A:L18,obody,<local_path_removed>/SEQ_2058A4111A75_5DA0_full.pdb,A,B,B,402.0,406.0,5.0,0,5,0.0,,0.6510284441877796,,0.0,0,0,0,5
752,SEQ_2058A4111A75,SEQ_2058A4111A75:A:L20,obody,<local_path_removed>/SEQ_2058A4111A75_5DA0_full.pdb,A,B,B,426.0,434.0,9.0,0,9,0.0,,0.4929915015148323,,0.0,0,0,0,9
1770,SEQ_2B04745E03AA,SEQ_2B04745E03AA:2:L1,affimer,<local_path_removed>/SEQ_2B04745E03AA_4N6V_full.pdb,2,0|1|3|4|5|6|7|8|9,1,32.0,38.0,7.0,2,5,0.2857142857142857,0.6173372689140904,0.3907800812991034,23.730441082306083,0.0,2,2,1,7
1770,SEQ_2B04745E03AA,SEQ_2B04745E03AA:2:L5,affimer,<local_path_removed>/SEQ_2B04745E03AA_4N6V_full.pdb,2,0|1|3|4|5|6|7|8|9,1,77.0,80.0,4.0,0,4,0.0,,0.6362865990733718,,0.0,0,0,0,4
2526,SEQ_2CC59FF1E405,SEQ_2CC59FF1E405:A:L3,adnectin,<local_path_removed>/SEQ_2CC59FF1E405_5MTN_full.pdb,A,B,B,41.0,47.0,7.0,0,7,0.0,,0.4782350866579835,,0.0,0,0,0,7
2526,SEQ_2CC59FF1E405,SEQ_2CC59FF1E405:A:L5,adnectin,<local_path_removed>/SEQ_2CC59FF1E405_5MTN_full.pdb,A,B,B,71.0,75.0,5.0,4,1,0.8,0.3147424756798074,0.5476190476190477,36.83519271289626,0.0,4,3,3,5
782,SEQ_2D6FEBF34FF1,SEQ_2D6FEBF34FF1:A:L2,adnectin,<local_path_removed>/SEQ_2D6FEBF34FF1_3RZW_full.pdb,A,B|C|D,D,24.0,30.0,7.0,7,0,1.0,0.27300487566684983,,49.91783022399883,,6,5,4,7
782,SEQ_2D6FEBF34FF1,SEQ_2D6FEBF34FF1:A:L3,adnectin,<local_path_removed>/SEQ_2D6FEBF34FF1_3RZW_full.pdb,A,B|C|D,D,39.0,45.0,7.0,0,7,0.0,,0.7140082034980839,,0.0,0,0,0,7
224,SEQ_2F97C0BDC032,SEQ_2F97C0BDC032:A:L2,cyclotide,<local_path_removed>/SEQ_2F97C0BDC032_1DFN_full.pdb,A,B,B,7.0,15.0,9.0,0,9,0.0,,0.5589207058846738,,0.0,0,0,0,9
266,SEQ_31B0DC92D92B,SEQ_31B0DC92D92B:A:L7,adnectin,<local_path_removed>/SEQ_31B0DC92D92B_5HSF_full.pdb,A,B,B,373.0,377.0,5.0,2,3,0.4,0.3145115620575743,0.3462276305834588,49.07269512509231,0.0,2,2,2,5
266,SEQ_31B0DC92D92B,SEQ_31B0DC92D92B:A:L9,adnectin,<local_path_removed>/SEQ_31B0DC92D92B_5HSF_full.pdb,A,B,B,403.0,409.0,7.0,0,7,0.0,,0.4463276024294696,,0.0,0,0,0,7
1239,SEQ_40AC6B3301B5,SEQ_40AC6B3301B5:A:L3,obody,<local_path_removed>/SEQ_40AC6B3301B5_7QCR_full.pdb,A,B|C|D,D,22.0,29.0,4.0,0,4,0.0,,0.7051829268292683,,0.0,0,0,0,4
1239,SEQ_40AC6B3301B5,SEQ_40AC6B3301B5:A:L5,obody,<local_path_removed>/SEQ_40AC6B3301B5_7QCR_full.pdb,A,B|C|D,B,46.0,52.0,7.0,2,5,0.2857142857142857,0.25531077891424075,0.36504941599281227,37.49306106411388,0.0,2,2,2,7
1239,SEQ_40AC6B3301B5,SEQ_40AC6B3301B5:A:L7,obody,<local_path_removed>/SEQ_40AC6B3301B5_7QCR_full.pdb,A,B|C|D,D,62.0,66.0,5.0,0,5,0.0,,0.3011497377007511,,0.0,0,0,0,5
1411,SEQ_42A96C49D664,SEQ_42A96C49D664:A:L2,EVH1domain,<local_path_removed>/SEQ_42A96C49D664_5ZZ9_full.pdb,A,B|C|D|E|F,E,23.0,29.0,7.0,2,5,0.2857142857142857,0.2292682926829268,0.5954195231831851,22.110026441140384,0.0,2,2,2,7
1411,SEQ_42A96C49D664,SEQ_42A96C49D664:A:L3,EVH1domain,<local_path_removed>/SEQ_42A96C49D664_5ZZ9_full.pdb,A,B|C|D|E|F,E,33.0,37.0,5.0,0,5,0.0,,0.28867552654943357,,0.0,0,0,0,5
1411,SEQ_42A96C49D664,SEQ_42A96C49D664:A:L6,EVH1domain,<local_path_removed>/SEQ_42A96C49D664_5ZZ9_full.pdb,A,B|C|D|E|F,E,67.0,73.0,7.0,0,7,0.0,,0.31334199489825565,,0.0,0,0,0,7
2344,SEQ_496B17143498,SEQ_496B17143498:A:L2,cyclotide,<local_path_removed>/SEQ_496B17143498_1DFN_full.pdb,A,B,B,7.0,15.0,9.0,0,9,0.0,,0.5589207058846738,,0.0,0,0,0,9
2322,SEQ_4DFDE1C019D0,SEQ_4DFDE1C019D0:A:L13,cyclotide,<local_path_removed>/SEQ_4DFDE1C019D0_3N56_full.pdb,A,B|C|D,C,208.0,213.0,6.0,0,6,0.0,,0.3392708533700421,,0.0,0,0,0,6
2322,SEQ_4DFDE1C019D0,SEQ_4DFDE1C019D0:A:L59,cyclotide,<local_path_removed>/SEQ_4DFDE1C019D0_3N56_full.pdb,A,B|C|D,C,894.0,899.0,6.0,0,6,0.0,,0.3127951592128696,,0.0,0,0,0,6
2494,SEQ_50313E682477,SEQ_50313E682477:A:L1,adnectin,<local_path_removed>/SEQ_50313E682477_4JE4_full.pdb,A,B,B,34.0,40.0,7.0,3,4,0.42857142857142855,0.2854387495369319,0.4131415544037341,43.38379861700702,0.6038141080199573,3,3,3,7
2179,SEQ_572BBB972EFA,SEQ_572BBB972EFA:A:L20,obody,<local_path_removed>/SEQ_572BBB972EFA_7KKK_full.pdb,A,B|C|D|E|F|G|H|I|J|K|L|M|N|O|P|Q|R,C,320.0,323.0,4.0,0,4,0.0,,0.5142008841522098,,0.0,0,0,0,4
2179,SEQ_572BBB972EFA,SEQ_572BBB972EFA:A:L49,obody,<local_path_removed>/SEQ_572BBB972EFA_7KKK_full.pdb,A,B|C|D|E|F|G|H|I|J|K|L|M|N|O|P|Q|R,C,656.0,663.0,8.0,1,7,0.125,0.3555555555555555,0.5633437165022677,3.8603890527311364,0.0,1,0,0,8
2179,SEQ_572BBB972EFA,SEQ_572BBB972EFA:A:L9,obody,<local_path_removed>/SEQ_572BBB972EFA_7KKK_full.pdb,A,B|C|D|E|F|G|H|I|J|K|L|M|N|O|P|Q|R,E,121.0,126.0,6.0,0,6,0.0,,0.5185109172843414,,0.0,0,0,0,6
1956,SEQ_5DA9908B2093,SEQ_5DA9908B2093:A:L2,EVH1domain,<local_path_removed>/SEQ_5DA9908B2093_6R8I_full.pdb,A,B,B,14.0,18.0,5.0,3,2,0.6,0.5328600171515271,0.49957318274345,41.859313554716245,1.0714590240627189,2,2,2,5
1956,SEQ_5DA9908B2093,SEQ_5DA9908B2093:A:L4,EVH1domain,<local_path_removed>/SEQ_5DA9908B2093_6R8I_full.pdb,A,B,B,45.0,49.0,5.0,0,5,0.0,,0.5438608350517781,,0.0,0,0,0,5
1956,SEQ_5DA9908B2093,SEQ_5DA9908B2093:A:L5,EVH1domain,<local_path_removed>/SEQ_5DA9908B2093_6R8I_full.pdb,A,B,B,56.0,62.0,7.0,0,7,0.0,,0.3136872227219185,,0.0,0,0,0,7
2181,SEQ_6335AD7633EF,SEQ_6335AD7633EF:A:L13,obody,<local_path_removed>/SEQ_6335AD7633EF_7KKJ_full.pdb,A,C,C,99.0,107.0,9.0,6,3,0.6666666666666666,0.5108327388494108,0.5037766678998644,18.74530531092203,0.0,5,4,4,9
2181,SEQ_6335AD7633EF,SEQ_6335AD7633EF:A:L3,obody,<local_path_removed>/SEQ_6335AD7633EF_7KKJ_full.pdb,A,C,C,13.0,17.0,5.0,0,5,0.0,,0.5432937921617167,,0.0,0,0,0,5
2181,SEQ_6335AD7633EF,SEQ_6335AD7633EF:A:L5,obody,<local_path_removed>/SEQ_6335AD7633EF_7KKJ_full.pdb,A,C,C,40.0,45.0,6.0,0,6,0.0,,0.6452847550917687,,0.0,0,0,0,6
2547,SEQ_63784B6FD3BA,SEQ_63784B6FD3BA:A:L2,cyclotide,<local_path_removed>/SEQ_63784B6FD3BA_1DFN_full.pdb,A,B,B,7.0,15.0,9.0,0,9,0.0,,0.5589207058846738,,0.0,0,0,0,9
2224,SEQ_63D2AE7290AC,SEQ_63D2AE7290AC:A:L1,knottin,<local_path_removed>/SEQ_63D2AE7290AC_1MCT_full.pdb,A,I,I,128.0,134.0,6.0,0,6,0.0,,0.46503928064075106,,0.0,0,0,0,6
2224,SEQ_63D2AE7290AC,SEQ_63D2AE7290AC:A:L2,knottin,<local_path_removed>/SEQ_63D2AE7290AC_1MCT_full.pdb,A,I,I,141.0,155.0,15.0,3,12,0.2,0.3154522969809594,0.33410302142155773,21.068307827531648,0.0,2,2,2,15
2224,SEQ_63D2AE7290AC,SEQ_63D2AE7290AC:A:L4,knottin,<local_path_removed>/SEQ_63D2AE7290AC_1MCT_full.pdb,A,I,I,172.0,179.0,8.0,2,6,0.25,0.1212121212121212,0.4862974560371482,9.71050581261337,0.0,1,1,1,8
1986,SEQ_657945AE051F,SEQ_657945AE051F:A:L2,EVH1domain,<local_path_removed>/SEQ_657945AE051F_1DDV_full.pdb,A,B,B,17.0,23.0,7.0,0,7,0.0,,0.642502848234875,,0.6122622994644108,0,0,0,7
1986,SEQ_657945AE051F,SEQ_657945AE051F:A:L3,EVH1domain,<local_path_removed>/SEQ_657945AE051F_1DDV_full.pdb,A,B,B,27.0,31.0,5.0,0,5,0.0,,0.41930314751697334,,0.0,0,0,0,5
1986,SEQ_657945AE051F,SEQ_657945AE051F:A:L6,EVH1domain,<local_path_removed>/SEQ_657945AE051F_1DDV_full.pdb,A,B,B,61.0,66.0,6.0,0,6,0.0,,0.43817434806085703,,0.0,0,0,0,6
1374,SEQ_6BF3F468540C,SEQ_6BF3F468540C:A:L2,kunitz,<local_path_removed>/SEQ_6BF3F468540C_1Y62_full.pdb,A,B|C|D|E|F,D,9.0,19.0,11.0,0,11,0.0,,0.5593960481190449,,0.0,0,0,0,11
1374,SEQ_6BF3F468540C,SEQ_6BF3F468540C:A:L4,kunitz,<local_path_removed>/SEQ_6BF3F468540C_1Y62_full.pdb,A,B|C|D|E|F,F,38.0,49.0,12.0,5,7,0.4166666666666667,0.3043326222884314,0.3193688005552825,39.766081260483894,0.0,5,5,5,12
2112,SEQ_6C8882A174D8,SEQ_6C8882A174D8:A:L17,obody,<local_path_removed>/SEQ_6C8882A174D8_5NBD_full.pdb,A,B|C,B,382.0,387.0,6.0,2,4,0.3333333333333333,0.31601903251387786,0.32903439153439146,45.45875773285,0.0,2,2,2,6
2112,SEQ_6C8882A174D8,SEQ_6C8882A174D8:A:L27,obody,<local_path_removed>/SEQ_6C8882A174D8_5NBD_full.pdb,A,B|C,B,530.0,534.0,5.0,0,5,0.0,,0.44731726795977067,,0.0,0,0,0,5
2112,SEQ_6C8882A174D8,SEQ_6C8882A174D8:A:L28,obody,<local_path_removed>/SEQ_6C8882A174D8_5NBD_full.pdb,A,B|C,B,539.0,550.0,12.0,3,9,0.25,0.39973802437884126,0.307536705270045,22.815004021396152,0.0,3,1,1,12
2251,SEQ_6E739005888F,SEQ_6E739005888F:E:L1,knottin,<local_path_removed>/SEQ_6E739005888F_1PPE_full.pdb,E,I,I,128.0,134.0,6.0,0,6,0.0,,0.47318056234700756,,0.0,0,0,0,6
2251,SEQ_6E739005888F,SEQ_6E739005888F:E:L2,knottin,<local_path_removed>/SEQ_6E739005888F_1PPE_full.pdb,E,I,I,141.0,155.0,15.0,3,12,0.2,0.36432106150416005,0.2574147535691156,30.94129471779358,0.0,3,3,2,15
2251,SEQ_6E739005888F,SEQ_6E739005888F:E:L4,knottin,<local_path_removed>/SEQ_6E739005888F_1PPE_full.pdb,E,I,I,172.0,179.0,8.0,2,6,0.25,0.1590909090909091,0.46556238690137713,12.804346257868604,0.0,2,1,1,8
2345,SEQ_74CFA9D0C71F,SEQ_74CFA9D0C71F:A:L2,cyclotide,<local_path_removed>/SEQ_74CFA9D0C71F_1DFN_full.pdb,A,B,B,7.0,15.0,9.0,0,9,0.0,,0.5589207058846738,,0.0,0,0,0,9
1056,SEQ_766516CD7575,SEQ_766516CD7575:B:L2,adnectin,<local_path_removed>/SEQ_766516CD7575_4LPT_full.pdb,B,A|C|D|E|F,F,23.0,30.0,8.0,0,8,0.0,,0.43186112326260295,,0.0,0,0,0,8
1056,SEQ_766516CD7575,SEQ_766516CD7575:B:L5,adnectin,<local_path_removed>/SEQ_766516CD7575_4LPT_full.pdb,B,A|C|D|E|F,C,58.0,66.0,9.0,2,7,0.2222222222222222,0.4258835219908408,0.31461637557805666,28.864324982652295,1.2076282160399157,2,2,2,9
2210,SEQ_8062D9F728A5,SEQ_8062D9F728A5:A:L10,obody,<local_path_removed>/SEQ_8062D9F728A5_3DWT_full.pdb,A,B|C|D|E|F|G|H,H,86.0,90.0,5.0,1,4,0.2,0.286624203821656,0.23199471803635233,19.55860081708336,0.5467942013573044,1,1,1,5
2210,SEQ_8062D9F728A5,SEQ_8062D9F728A5:A:L4,obody,<local_path_removed>/SEQ_8062D9F728A5_3DWT_full.pdb,A,B|C|D|E|F|G|H,B,26.0,35.0,8.0,3,5,0.375,0.24972914409534128,0.5289630820087673,25.602706734534554,0.0,3,3,3,8
2210,SEQ_8062D9F728A5,SEQ_8062D9F728A5:A:L8,obody,<local_path_removed>/SEQ_8062D9F728A5_3DWT_full.pdb,A,B|C|D|E|F|G|H,H,68.0,72.0,5.0,0,5,0.0,,0.4070869194152107,,0.0,0,0,0,5
69,SEQ_83102DDE915E,SEQ_83102DDE915E:A:L2,cyclotide,<local_path_removed>/SEQ_83102DDE915E_1ZMP_full.pdb,A,B|C|D,C,7.0,14.0,8.0,0,8,0.0,,0.5780490316629531,,0.0,0,0,0,8
1973,SEQ_836564719ED0,SEQ_836564719ED0:A:L2,EVH1domain,<local_path_removed>/SEQ_836564719ED0_4WSF_full.pdb,A,B,B,15.0,19.0,5.0,2,3,0.4,0.6281362007168458,0.7078381158754131,21.42110658813469,0.0,2,1,1,5
1973,SEQ_836564719ED0,SEQ_836564719ED0:A:L4,EVH1domain,<local_path_removed>/SEQ_836564719ED0_4WSF_full.pdb,A,B,B,46.0,50.0,5.0,0,5,0.0,,0.5568207695157287,,0.0,0,0,0,5
1973,SEQ_836564719ED0,SEQ_836564719ED0:A:L5,EVH1domain,<local_path_removed>/SEQ_836564719ED0_4WSF_full.pdb,A,B,B,57.0,63.0,7.0,2,5,0.2857142857142857,0.08490566037735844,0.3889350755906082,3.19517565788942,0.0,1,1,0,7
362,SEQ_867E69F3F823,SEQ_867E69F3F823:A:L2,cyclotide,<local_path_removed>/SEQ_867E69F3F823_7RMQ_full.pdb,A,B,B,7.0,12.0,6.0,2,4,0.3333333333333333,0.24289215686274504,0.589322104002494,18.710873455438694,0.0,2,1,1,6
2305,SEQ_8A15155577F9,SEQ_8A15155577F9:A:L12,cyclotide,<local_path_removed>/SEQ_8A15155577F9_3N57_full.pdb,A,B|C|D,C,208.0,213.0,6.0,0,6,0.0,,0.3370572321965119,,0.0,0,0,0,6
2305,SEQ_8A15155577F9,SEQ_8A15155577F9:A:L58,cyclotide,<local_path_removed>/SEQ_8A15155577F9_3N57_full.pdb,A,B|C|D,C,895.0,899.0,5.0,0,5,0.0,,0.27992971631268093,,0.0,0,0,0,5
2242,SEQ_8F7897A2FA28,SEQ_8F7897A2FA28:A:L2,cyclotide,<local_path_removed>/SEQ_8F7897A2FA28_1DFN_full.pdb,A,B,B,7.0,15.0,9.0,0,9,0.0,,0.5589207058846738,,0.0,0,0,0,9
1681,SEQ_91E9A16D4ADF,SEQ_91E9A16D4ADF:A:L2,centyrin,<local_path_removed>/SEQ_91E9A16D4ADF_5L2H_full.pdb,A,B|C|D,C,22.0,31.0,10.0,5,5,0.5,0.3833555305416499,0.24407151379166936,9.061881283619671,0.0,3,3,2,10
1681,SEQ_91E9A16D4ADF,SEQ_91E9A16D4ADF:A:L5,centyrin,<local_path_removed>/SEQ_91E9A16D4ADF_5L2H_full.pdb,A,B|C|D,D,60.0,66.0,7.0,2,5,0.2857142857142857,0.42538564721663313,0.3698604780283806,26.540978985245886,0.0,2,1,1,7
1681,SEQ_91E9A16D4ADF,SEQ_91E9A16D4ADF:A:L6,centyrin,<local_path_removed>/SEQ_91E9A16D4ADF_5L2H_full.pdb,A,B|C|D,D,78.0,82.0,5.0,0,5,0.0,,0.6202000344682744,,0.0,0,0,0,5
51,SEQ_933D60060365,SEQ_933D60060365:A:L4,kunitz,<local_path_removed>/SEQ_933D60060365_8AJ7_full.pdb,A,B,B,39.0,50.0,12.0,0,12,0.0,,0.3293406557943075,,0.0,0,0,0,12
2490,SEQ_934623C62754,SEQ_934623C62754:A:L3,adnectin,<local_path_removed>/SEQ_934623C62754_5MTJ_full.pdb,A,B,B,158.0,164.0,7.0,3,4,0.42857142857142855,0.21408450704225354,0.5386146979227594,19.621885059497274,0.0,2,2,2,7
2490,SEQ_934623C62754,SEQ_934623C62754:A:L5,adnectin,<local_path_removed>/SEQ_934623C62754_5MTJ_full.pdb,A,B,B,188.0,192.0,5.0,0,5,0.0,,0.5473867595818815,,0.0,0,0,0,5
230,SEQ_9779986ACEEC,SEQ_9779986ACEEC:A:L1,knottin,<local_path_removed>/SEQ_9779986ACEEC_5IRX_full.pdb,A,B|C|D|E|F,C,362.0,368.0,7.0,0,7,0.0,,0.26180736227857626,,0.0,0,0,0,7
230,SEQ_9779986ACEEC,SEQ_9779986ACEEC:A:L3,knottin,<local_path_removed>/SEQ_9779986ACEEC_5IRX_full.pdb,A,B|C|D|E|F,B,382.0,394.0,13.0,0,13,0.0,,0.2589237794363758,,0.0,0,0,0,13
1007,SEQ_9C27B5B8EAAA,SEQ_9C27B5B8EAAA:A:L2,kunitz,<local_path_removed>/SEQ_9C27B5B8EAAA_1Y62_full.pdb,A,B|C|D|E|F,D,9.0,19.0,11.0,0,11,0.0,,0.5593960481190449,,0.0,0,0,0,11
1007,SEQ_9C27B5B8EAAA,SEQ_9C27B5B8EAAA:A:L4,kunitz,<local_path_removed>/SEQ_9C27B5B8EAAA_1Y62_full.pdb,A,B|C|D|E|F,F,38.0,49.0,12.0,5,7,0.4166666666666667,0.3043326222884314,0.3193688005552825,39.766081260483894,0.0,5,5,5,12
290,SEQ_A0DD32C51D8B,SEQ_A0DD32C51D8B:A:L3,obody,<local_path_removed>/SEQ_A0DD32C51D8B_1YC7_full.pdb,A,B,B,13.0,17.0,5.0,0,5,0.0,,0.490761733025884,,0.0,0,0,0,5
290,SEQ_A0DD32C51D8B,SEQ_A0DD32C51D8B:A:L5,obody,<local_path_removed>/SEQ_A0DD32C51D8B_1YC7_full.pdb,A,B,B,40.0,44.0,5.0,0,5,0.0,,0.637020198271024,,0.0,0,0,0,5
290,SEQ_A0DD32C51D8B,SEQ_A0DD32C51D8B:A:L6,obody,<local_path_removed>/SEQ_A0DD32C51D8B_1YC7_full.pdb,A,B,B,52.0,56.0,5.0,1,4,0.2,0.9411764705882352,0.4486366919465511,24.152564320798326,0.0,1,1,1,5
2200,SEQ_A3EEE5B4C089,SEQ_A3EEE5B4C089:A:L12,obody,<local_path_removed>/SEQ_A3EEE5B4C089_6QUZ_full.pdb,A,B|C|D|E|F,B,340.0,348.0,9.0,3,6,0.3333333333333333,0.5193071471172651,0.42178675749264644,21.826357379682037,1.8114423240598754,3,3,3,9
2200,SEQ_A3EEE5B4C089,SEQ_A3EEE5B4C089:A:L13,obody,<local_path_removed>/SEQ_A3EEE5B4C089_6QUZ_full.pdb,A,B|C|D|E|F,B,356.0,360.0,5.0,0,5,0.0,,0.3642470150335852,,0.0,0,0,0,5
2200,SEQ_A3EEE5B4C089,SEQ_A3EEE5B4C089:A:L23,obody,<local_path_removed>/SEQ_A3EEE5B4C089_6QUZ_full.pdb,A,B|C|D|E|F,B,464.0,471.0,8.0,7,1,0.875,0.23820175948496256,0.0,49.18324687297426,0.0,7,6,5,8
2142,SEQ_B275D8DF6331,SEQ_B275D8DF6331:A:L13,obody,<local_path_removed>/SEQ_B275D8DF6331_7CZ0_full.pdb,A,B|C|D|E|F|G|H,E,181.0,189.0,9.0,1,8,0.1111111111111111,0.4195121951219512,0.500745903412896,1.0935884027146017,0.0,1,0,0,9
2142,SEQ_B275D8DF6331,SEQ_B275D8DF6331:A:L14,obody,<local_path_removed>/SEQ_B275D8DF6331_7CZ0_full.pdb,A,B|C|D|E|F|G|H,B,202.0,206.0,5.0,0,5,0.0,,0.4126807941648144,,0.0,0,0,0,5
2142,SEQ_B275D8DF6331,SEQ_B275D8DF6331:A:L9,obody,<local_path_removed>/SEQ_B275D8DF6331_7CZ0_full.pdb,A,B|C|D|E|F|G|H,C,125.0,136.0,12.0,3,9,0.25,0.44511052828774816,0.2343589952624433,41.412512058732496,0.0,3,3,3,12
1241,SEQ_BE327DB9873D,SEQ_BE327DB9873D:A:L11,obody,<local_path_removed>/SEQ_BE327DB9873D_6RAF_full.pdb,A,B|C,B,362.0,373.0,12.0,0,12,0.0,,0.5581156184607285,,0.0,0,0,0,12
1241,SEQ_BE327DB9873D,SEQ_BE327DB9873D:A:L21,obody,<local_path_removed>/SEQ_BE327DB9873D_6RAF_full.pdb,A,B|C,B,491.0,498.0,8.0,1,7,0.125,0.9123711340206184,0.39983045438122516,5.3572951203136085,0.0,1,1,0,8
1241,SEQ_BE327DB9873D,SEQ_BE327DB9873D:A:L23,obody,<local_path_removed>/SEQ_BE327DB9873D_6RAF_full.pdb,A,B|C,B,523.0,529.0,7.0,1,6,0.14285714285714285,0.5,0.3961767145055865,15.699166808518903,0.20127136933998457,1,1,1,7
422,SEQ_BEE532799C8F,SEQ_BEE532799C8F:A:L40,cyclotide,<local_path_removed>/SEQ_BEE532799C8F_1BLF_full.pdb,A,B|C,C,551.0,565.0,15.0,3,12,0.2,0.6171110464892066,0.34849907223292925,37.155842508677544,0.0,3,3,2,15
422,SEQ_BEE532799C8F,SEQ_BEE532799C8F:A:L41,cyclotide,<local_path_removed>/SEQ_BEE532799C8F_1BLF_full.pdb,A,B|C,B,573.0,577.0,5.0,0,5,0.0,,0.35837214050258287,,0.0,0,0,0,5
2249,SEQ_C354A77FA1B3,SEQ_C354A77FA1B3:E:L1,knottin,<local_path_removed>/SEQ_C354A77FA1B3_2BTC_full.pdb,E,I,I,128.0,134.0,6.0,0,6,0.0,,0.4676793384074808,,0.0,0,0,0,6
2249,SEQ_C354A77FA1B3,SEQ_C354A77FA1B3:E:L2,knottin,<local_path_removed>/SEQ_C354A77FA1B3_2BTC_full.pdb,E,I,I,141.0,155.0,15.0,4,11,0.26666666666666666,0.3524988635904129,0.2682515156924979,26.61906955383617,0.0,3,2,2,15
2249,SEQ_C354A77FA1B3,SEQ_C354A77FA1B3:E:L4,knottin,<local_path_removed>/SEQ_C354A77FA1B3_2BTC_full.pdb,E,I,I,172.0,179.0,8.0,2,6,0.25,0.154040404040404,0.4904737191995506,15.33915285678814,0.0,2,1,1,8
2416,SEQ_C7646A9528D4,SEQ_C7646A9528D4:A:L2,adnectin,<local_path_removed>/SEQ_C7646A9528D4_4MMZ_full.pdb,A,B|C|D|E|F|G|H|I,B,27.0,34.0,8.0,0,8,0.0,,0.5347368237936675,,0.0,0,0,0,8
2416,SEQ_C7646A9528D4,SEQ_C7646A9528D4:A:L5,adnectin,<local_path_removed>/SEQ_C7646A9528D4_4MMZ_full.pdb,A,B|C|D|E|F|G|H|I,B,70.0,78.0,9.0,0,9,0.0,,0.33395081106164964,,0.0,0,0,0,9
2495,SEQ_C8AEE1DB6143,SEQ_C8AEE1DB6143:A:L2,adnectin,<local_path_removed>/SEQ_C8AEE1DB6143_4JEG_full.pdb,A,B,B,155.0,165.0,7.0,1,6,0.14285714285714285,0.5560975609756098,0.6166841238964537,40.509580630978945,0.0,1,1,1,7
2511,SEQ_CE6E5D8586B8,SEQ_CE6E5D8586B8:A:L3,adnectin,<local_path_removed>/SEQ_CE6E5D8586B8_5MTM_full.pdb,A,B,B,41.0,47.0,7.0,0,7,0.0,,0.5287132888439033,,0.0,0,0,0,7
2511,SEQ_CE6E5D8586B8,SEQ_CE6E5D8586B8:A:L5,adnectin,<local_path_removed>/SEQ_CE6E5D8586B8_5MTM_full.pdb,A,B,B,71.0,75.0,5.0,5,0,1.0,0.3562824061032272,,26.05581403529259,,5,3,3,5
239,SEQ_D15E9F5CDE93,SEQ_D15E9F5CDE93:A:L2,cyclotide,<local_path_removed>/SEQ_D15E9F5CDE93_1DFN_full.pdb,A,B,B,7.0,15.0,9.0,0,9,0.0,,0.5589207058846738,,0.0,0,0,0,9
61,SEQ_D70C587A68A7,SEQ_D70C587A68A7:A:L10,affimer,<local_path_removed>/SEQ_D70C587A68A7_5ML9_full.pdb,A,B,B,88.0,92.0,5.0,0,5,0.0,,0.3602350058247604,,0.0,0,0,0,5
61,SEQ_D70C587A68A7,SEQ_D70C587A68A7:A:L4,affimer,<local_path_removed>/SEQ_D70C587A68A7_5ML9_full.pdb,A,B,B,31.0,42.0,12.0,0,12,0.0,,0.36783601106380415,,0.0,0,0,0,12
61,SEQ_D70C587A68A7,SEQ_D70C587A68A7:A:L6,affimer,<local_path_removed>/SEQ_D70C587A68A7_5ML9_full.pdb,A,B,B,49.0,54.0,6.0,0,6,0.0,,0.5038744596799749,,0.0,0,0,0,6
845,SEQ_DFF18B67E30D,SEQ_DFF18B67E30D:A:L5,adnectin,<local_path_removed>/SEQ_DFF18B67E30D_3QHT_full.pdb,A,B|C|D,C,72.0,86.0,15.0,1,14,0.06666666666666667,0.6305732484076433,0.34711326101221546,2.1429180481254377,0.0,1,0,0,15
128,SEQ_EACADB92942A,SEQ_EACADB92942A:A:L2,knottin,<local_path_removed>/SEQ_EACADB92942A_1MJV_full.pdb,A,B,B,39.0,45.0,7.0,0,7,0.0,,0.5079794399639023,,0.0,0,0,0,7
128,SEQ_EACADB92942A,SEQ_EACADB92942A:A:L4,knottin,<local_path_removed>/SEQ_EACADB92942A_1MJV_full.pdb,A,B,B,59.0,65.0,7.0,5,2,0.7142857142857143,0.3908623444419226,0.4692521180251241,15.337290520663089,0.0,5,4,3,7
128,SEQ_EACADB92942A,SEQ_EACADB92942A:A:L5,knottin,<local_path_removed>/SEQ_EACADB92942A_1MJV_full.pdb,A,B,B,84.0,88.0,5.0,0,5,0.0,,0.6089833568312766,,0.0,0,0,0,5
2148,SEQ_F25B15E320FD,SEQ_F25B15E320FD:A:L13,obody,<local_path_removed>/SEQ_F25B15E320FD_6LZ2_full.pdb,A,B|C|D,B,181.0,189.0,9.0,1,8,0.1111111111111111,0.6682926829268293,0.5260523309620904,7.109600104262299,0.0,1,1,0,9
2148,SEQ_F25B15E320FD,SEQ_F25B15E320FD:A:L14,obody,<local_path_removed>/SEQ_F25B15E320FD_6LZ2_full.pdb,A,B|C|D,C,202.0,206.0,5.0,1,4,0.2,0.2612612612612612,0.43874289837033026,0.0,0.0,0,0,0,5
2148,SEQ_F25B15E320FD,SEQ_F25B15E320FD:A:L9,obody,<local_path_removed>/SEQ_F25B15E320FD_6LZ2_full.pdb,A,B|C|D,B,125.0,136.0,12.0,1,11,0.08333333333333333,0.375796178343949,0.34030041038857506,15.928088382000697,0.0,1,1,1,12
1890,SEQ_F7E9BD13030E,SEQ_F7E9BD13030E:A:L2,EVH1domain,<local_path_removed>/SEQ_F7E9BD13030E_1XOD_full.pdb,A,B,B,22.0,27.0,6.0,0,6,0.0,,0.5828404383619107,,0.0,0,0,0,6
1890,SEQ_F7E9BD13030E,SEQ_F7E9BD13030E:A:L5,EVH1domain,<local_path_removed>/SEQ_F7E9BD13030E_1XOD_full.pdb,A,B,B,62.0,66.0,5.0,0,5,0.0,,0.4687037434115585,,0.0,0,0,0,5
1890,SEQ_F7E9BD13030E,SEQ_F7E9BD13030E:A:L7,EVH1domain,<local_path_removed>/SEQ_F7E9BD13030E_1XOD_full.pdb,A,B,B,81.0,85.0,5.0,0,5,0.0,,0.4921268211853618,,0.0,0,0,0,5
1877,SEQ_F87C7DB24533,SEQ_F87C7DB24533:A:L5,EVH1domain,<local_path_removed>/SEQ_F87C7DB24533_1EVH_full.pdb,A,B,B,53.0,57.0,5.0,0,5,0.0,,0.6181622783747454,,0.0,0,0,0,5
1877,SEQ_F87C7DB24533,SEQ_F87C7DB24533:A:L6,EVH1domain,<local_path_removed>/SEQ_F87C7DB24533_1EVH_full.pdb,A,B,B,65.0,76.0,12.0,4,8,0.3333333333333333,0.4391515667853487,0.4420154323268398,15.99021965991074,0.0,4,4,4,12
