Benchmark_ID,Benchmark_Version,Benchmark_Status,Journal,Year,Author,Annot,Prot_Name,Organism,Prot_UniProt,Sequence,Is_Eng,Class,Notes,PDB_ID,Method,Resol_A,Tgt_Gene,Tgt_Species,Tgt_UniProt,MOA,Aff_Type,Aff_Val,Aff_Unit,pH,Temp,MW_kDa,Expr_Sys,Solubility,Tm_C,HalfLife_h,Dig_Enzyme,Dig_Val,Dig_Type,Source_DB,Source_File,Source_Type,Sequence_Status,_score,Benchmark_Source_Type,Gold_Label_Class,Gold_Label_Sequence,Gold_Label_Target,Gold_Label_Affinity,Reviewer_1,Reviewer_2,Arbiter,Manual_Notes,Selection_Rationale,Matched,Selected_Source_Kind,Selected_Source_Path,Selected_Score,Prepared_Input_Path,Snippet,Input_Ready,Input_Status,Review_Status,Run_In_RoundA,Evidence_Classification_Reviewed,Evidence_Sequence_Reviewed,Evidence_Target_Reviewed,Evidence_Affinity_Reviewed,Reviewer_1_Class,Reviewer_1_Sequence,Reviewer_1_Target,Reviewer_1_Affinity,Reviewer_1_PDB_ID,Reviewer_1_Notes,Reviewer_2_Class,Reviewer_2_Sequence,Reviewer_2_Target,Reviewer_2_Affinity,Reviewer_2_PDB_ID,Reviewer_2_Notes,Arbiter_Final_Class,Arbiter_Final_Sequence,Arbiter_Final_Target,Arbiter_Final_Affinity,Arbiter_Final_PDB_ID,Arbiter_Notes
BGM-001,small_gold_benchmark_v1,SEED_NEEDS_MANUAL_REVIEW,Jpet,2014.0,Mitchell et al.,PCSK9 Inhibitor (Clinical),BMS-962476,Artificial (Adnectin-1 based),P02751 (Scaffold),Proprietary (BMS). Optimized BC/FG loops on Adnectin-1 scaffold.,1,Adnectin,Clinical PCSK9 inhibitor.,3H42 (Parent),mRNA Display,~2.0,PCSK9,Homo sapiens,Q8NBP7,Antagonist,KD,0.2,nM,7.4,25,~11 (>40 PEG),E. coli,Soluble,,~80 (Human),,,,Literature,adnectin.xlsx,Original_Integrated,,10.0,Literature,Adnectin,Proprietary (BMS). Optimized BC/FG loops on Adnectin-1 scaffold.,PCSK9,KD | 0.2 nM,,,,nan,Highest completeness score within class/source subset,True,abstract_txt,abstract-adnectin-set.txt#chunk22,5,BGM-001__Adnectin.txt,"J Pharmacol Exp Ther. 2014 Aug;350(2):412-24. doi: 10.1124/jpet.114.214221. Epub  2014 Jun 10.  Pharmacologic profile of the Adnectin BMS-962476, a small protein biologic  alternative to PCSK9 antibodies for low-density ",True,READY,PENDING,True,,,,,,,,,,,,,,,,,,,,,,
BGM-002,small_gold_benchmark_v1,SEED_NEEDS_MANUAL_REVIEW,Patent,2014.0,,10Fn3 Scaffold,Adnectin 1 (EGFR#8),Artificial,,MGVSDVPRDLEVVAATPTSLLISWDSGRGSYQYYRITYGETGGNSPVQEFTVPGPVHTATISGLKPGVDYTITVYAVTDHKPHADGPHTYHESPISINYRTEIDKPSQ,1,Adnectin,Anti-EGFR; SEQ ID NO: 67; Co-crystallized with EGFR,3QWQ,X-Ray,2.75,EGFR,Human,P00533,Antagonist,KD,2,nM,,,~11,E. coli,Soluble,~60,,,,,Patent;SYNBIP_Formatted,Adnectin.xlsx;adnectin-专利.xlsx,Original_Integrated,,10.0,Patent,Adnectin,MGVSDVPRDLEVVAATPTSLLISWDSGRGSYQYYRITYGETGGNSPVQEFTVPGPVHTATISGLKPGVDYTITVYAVTDHKPHADGPHTYHESPISINYRTEIDKPSQ,EGFR,KD | 2 nM,,,,nan,Highest completeness score within class/source subset,True,patent_txt,010-335-169-486-761.txt,7,BGM-002__Adnectin.txt,################################################################# #                          专利文献详情 #################################################################  基本信息 ------------------------------------------------,True,READY,PENDING,True,,,,,,,,,,,,,,,,,,,,,,
BGM-003,small_gold_benchmark_v1,SEED_NEEDS_MANUAL_REVIEW,Patent WO2019197583,,,PD-L1_specific_Affimer_(Monomer),AVA04-251_(Monomer),Artificial_(Stefin_A_based),,IPRGLSEAKPATPEIQEIVDKVKPQLEEKTGETYGKLEAVQYKTQVLAREGRQDWVLSTNYYIKVRAGDNKYMHLKVFNGPWVPFPHQQLADRVLTGYQVDKNKDDELTGF,1,Affimer,Anti-PD-L1_Affimer;_Engineered_Stefin_A_(NET->GET),6H4H,ELISA/SPR,,CD274,Homo_sapiens,Q9NZQ7,Antagonist,KD,6.4,nM,7.4,25,~12,E.coli,Soluble,,,,,,Literature,affimer.xlsx,Original_Integrated,,10.0,Literature,Affimer,IPRGLSEAKPATPEIQEIVDKVKPQLEEKTGETYGKLEAVQYKTQVLAREGRQDWVLSTNYYIKVRAGDNKYMHLKVFNGPWVPFPHQQLADRVLTGYQVDKNKDDELTGF,CD274,KD | 6.4 nM,,,,nan,Highest completeness score within class/source subset,True,abstract_txt,abstract-affimer-set.txt#chunk12,3,BGM-003__Affimer.txt,Biosens Bioelectron. 2021 Apr 15;178:113013. doi: 10.1016/j.bios.2021.113013.  Epub 2021 Jan 21.  Reagentless Affimer- and antibody-based impedimetric biosensors for  CEA-detection using a novel non-conducting polymer.  ,True,READY,PENDING,True,,,,,,,,,,,,,,,,,,,,,,
BGM-004,small_gold_benchmark_v1,SEED_NEEDS_MANUAL_REVIEW,Patent WO2023057567,2023.0,Avacta Life Sciences Ltd et al.,PD-L1 binding Affimer (Clone 80),Clone 80 (PD-L1),Artificial (Type III based),,[SEESEQIDNO:593INWO2023057567],1,Affimer,High affinity PD-L1 binder based on Type III scaffold,,SPR,,CD274,Homo sapiens,Q9NZQ7,Antagonist,KD,~1-10,nM,7.4,25,~11,E. coli,Soluble,High,,,,,Patent,affimer-专利.xlsx,Original_Integrated,,9.0,Patent,Affimer,[SEESEQIDNO:593INWO2023057567],CD274,KD | ~1-10 nM,,,,nan,Highest completeness score within class/source subset,True,patent_txt,063-172-434-284-781.txt,9,BGM-004__Affimer.txt,################################################################# #                          专利文献详情 #################################################################  基本信息 ------------------------------------------------,True,READY,PENDING,True,,,,,,,,,,,,,,,,,,,,,,
BGM-005,small_gold_benchmark_v1,SEED_NEEDS_MANUAL_REVIEW,Nat Biotechnol,2005.0,Silverman et al.,c-Met Agonist Avimer,Avimer C186,Artificial (Human derived),,[ADOMAINMULTIMER]SPECIFICFORCMETRECEPTOR,1,Avimer,Agonist activity mimicking HGF,,Cell Assay,,MET,Homo sapiens,P08581,Agonist,EC50,~0.1,nM,7.4,,~16,E. coli,Soluble,,,,,,Literature,综述.xlsx,Original_Integrated,,9.0,Literature,Avimer,[ADOMAINMULTIMER]SPECIFICFORCMETRECEPTOR,MET,EC50 | ~0.1 nM,,,,nan,Highest completeness score within class/source subset,True,abstract_txt,abstract-avimer-set.txt#chunk1,4,BGM-005__Avimer.txt,"Nat Biotechnol. 2005 Dec;23(12):1556-61. doi: 10.1038/nbt1166. Epub 2005 Nov 20.  Multivalent avimer proteins evolved by exon shuffling of a family of human  receptor domains.  Silverman J(1), Liu Q, Bakker A, To W, Dugu",True,READY,PENDING,True,,,,,,,,,,,,,,,,,,,,,,
BGM-006,small_gold_benchmark_v1,SEED_NEEDS_MANUAL_REVIEW,Patent US20050048512,2005.0,Avidia Res Inst et al.,CD28 specific Avimer (Trimer),CD28-A10,Artificial,,CGPGRFQCESGQCVPATWVCDGDDDCADGSDEKSCATTAPTCESNQFQCGSGQCLPGTWRCDGVNDCADSSDETGCGRPGPGATSAPAACGPGRFQCNNGNCVPQTLGCDGDNDCGDSSDEANCSAPASEPPGSL,1,Avimer,Anti-CD28 Trimer; Clone 10; Highest affinity in set,,Phage Display,,CD28,Homo sapiens,P10747,Antagonist,KD,29,nM,7.4,25,~18,E. coli,Soluble,,,,,,Patent,avimer-专利.xlsx,Original_Integrated,,9.0,Patent,Avimer,CGPGRFQCESGQCVPATWVCDGDDDCADGSDEKSCATTAPTCESNQFQCGSGQCLPGTWRCDGVNDCADSSDETGCGRPGPGATSAPAACGPGRFQCNNGNCVPQTLGCDGDNDCGDSSDEANCSAPASEPPGSL,CD28,KD | 29 nM,,,,nan,Highest completeness score within class/source subset,True,patent_txt,112-538-680-276-399.txt,5,BGM-006__Avimer.txt,################################################################# #                          专利文献详情 #################################################################  基本信息 ------------------------------------------------,True,READY,PENDING,True,,,,,,,,,,,,,,,,,,,,,,
BGM-007,small_gold_benchmark_v1,SEED_NEEDS_MANUAL_REVIEW,J. Biol. Chem.,2006.0,Aachmann et al.,Natural Alginate Epimerase Module,AlgE4 R-module,Azotobacter vinelandii,Q9ZFH0,GSDGEPLVGGDTDDQLQGGSGADRLDGGAGDDILDGGAGRDRLSGGAGADTFVFSAREDSYRTDTAVFNDLILDFEASEDRIDLSALGFSGLGDGYGGTLLLKTNAEGTRTYLKSFEADAEGRRFEVALDGDHTGDLSAANVVFAATGTTTELEVLGDSGTQAGAIV,0,Beta-roll,Natural R-module; Binds Ca2+ & Alginate,2AGM,NMR,,algE4,Azotobacter vinelandii,Q9ZFH0,Enzymatic Aid,Kd,~0.4-1.0,uM,6.9,25,~18,E. coli,Soluble,,,Trypsin,Rapid,Sensitive,Literature,betarolldomain.xlsx,Original_Integrated,,10.0,Literature,Beta-roll,GSDGEPLVGGDTDDQLQGGSGADRLDGGAGDDILDGGAGRDRLSGGAGADTFVFSAREDSYRTDTAVFNDLILDFEASEDRIDLSALGFSGLGDGYGGTLLLKTNAEGTRTYLKSFEADAEGRRFEVALDGDHTGDLSAANVVFAATGTTTELEVLGDSGTQAGAIV,algE4,Kd | ~0.4-1.0 uM,,,,Recovered from merged master database row and linked to a recovered PubMed abstract source.,Highest completeness score within class/source subset,True,pubmed_recovered_abstract,https://pubmed.ncbi.nlm.nih.gov/16407237/,10,BGM-007__Beta-roll.txt,NMR structure of the R-module: a parallel beta-roll subunit from an Azotobacter vinelandii mannuronan C-5 epimerase.,True,READY,PENDING,True,,,,,,,,,,,,,,,,,,,,,,
BGM-008,small_gold_benchmark_v1,SEED_NEEDS_MANUAL_REVIEW,Patent US20190017041,2019.0,Univ Columbia et al.,LBR Fusion with Helical Domains,LBR-H5 (Helix),Artificial (Fusion),,[LEUCINEBETAROLL][HELICALDOMAIN],1,Beta-roll,Fusion of LBR with helical domains for enhanced cross-linking,,Rheology,,,,,Hydrogel Formation,Kd (Ca2+),~1-10,mM,7.4,25,Variable,E. coli,Soluble (Apo),,,,,,Patent,betarolldomain-专利.xlsx,Original_Integrated,,7.0,Patent,Beta-roll,[LEUCINEBETAROLL][HELICALDOMAIN],,Kd (Ca2+) | ~1-10 mM,,,,nan,Highest completeness score within class/source subset,True,patent_txt,016-582-778-115-698.txt,2,BGM-008__Beta-roll.txt,################################################################# #                          专利文献详情 #################################################################  基本信息 ------------------------------------------------,True,READY,PENDING,True,,,,,,,,,,,,,,,,,,,,,,
BGM-009,small_gold_benchmark_v1,SEED_NEEDS_MANUAL_REVIEW,,,Diem et al.,High affinity c-MET binder,P114-A3,Artificial (Tencon based),,LPAPKNLVVSEVTEDSARLSWTAFDAAFDSFWERYTERGEAIVLTVPGSERSDLTGLKPGTEYVNINGVKGGSPPLSAIFTT,1,Centyrin,Anti-c-MET Centyrin; Selected from TCL14; Inhibits HGF binding; SEQ from Fig 3D,,CIS Display / SPR,,MET,Homo sapiens,P08581,Antagonist,KD,400,pM,7.4,25,~10,E. coli,Soluble,87,,,,,Literature,centyrins.xlsx,Original_Integrated,,9.0,Literature,Centyrin,LPAPKNLVVSEVTEDSARLSWTAFDAAFDSFWERYTERGEAIVLTVPGSERSDLTGLKPGTEYVNINGVKGGSPPLSAIFTT,MET,KD | 400 pM,,,,nan,Highest completeness score within class/source subset,True,abstract_txt,abstract-centyrins-set.txt#chunk9,2,BGM-009__Centyrin.txt,Protein Eng Des Sel. 2014 Oct;27(10):419-29. doi: 10.1093/protein/gzu016. Epub  2014 Apr 30.  Selection of high-affinity Centyrin FN3 domains from a simple library  diversified at a combination of strand and loop positio,True,READY,PENDING,True,,,,,,,,,,,,,,,,,,,,,,
BGM-010,small_gold_benchmark_v1,SEED_NEEDS_MANUAL_REVIEW,Patent WO2024086713,2024.0,Aro Biotherapeutics Company et al.,CD40-Targeting Centyrin,Centyrin-CD40,Artificial (Tencon based),,[SEESEQIDNO:2315INWO2024086713],1,Centyrin,Binds CD40; Used to deliver siRNA payloads to immune cells (B cells/Macrophages),,Display Selection,,CD40,Homo sapiens,P25942,Delivery Vehicle,Kd,<100,nM,7.4,37,~11,Mammalian,Soluble,High,,,,,Patent,centyrins-专利.xlsx,Original_Integrated,,9.0,Patent,Centyrin,[SEESEQIDNO:2315INWO2024086713],CD40,Kd | <100 nM,,,,nan,Highest completeness score within class/source subset,True,patent_txt,036-535-266-194-63X.txt,4,BGM-010__Centyrin.txt,################################################################# #                          专利文献详情 #################################################################  基本信息 ------------------------------------------------,True,READY,PENDING,True,,,,,,,,,,,,,,,,,,,,,,
BGM-011,small_gold_benchmark_v1,SEED_NEEDS_MANUAL_REVIEW,Patent US10357537,2019.0,Univ Wien Med et al.,Natural Immunosuppressive Cyclotide,Kalata B1 (Wild Type),Oldenlandia affinis,P58454,GLPVCGETCVGGTCNTPGCTCSWPVCTRN,0,Cyclotide,Prototypic Mobius cyclotide; Natural extraction or synthetic; SEQ ID NO: 1; Circular backbone,1NB1,NMR,,IL2RA (CD25),Homo sapiens,P01589,Antagonist,IC50,~4,uM,,,~2.9,Plant/Synthetic,Soluble,>100,Stable,Trypsin,Stable,Resistance,CyclicPepedia_Formatted;Knottin_DB;Literature;Patent,CyclicPepedia_Cyclotides_AutoFormatted.xlsx;Knottin_Formatted.xlsx;cyclotide-专利.xlsx;cyclotide.xlsx;综述.xlsx,Original_Integrated,,10.0,Literature,Cyclotide,GLPVCGETCVGGTCNTPGCTCSWPVCTRN,IL2RA (CD25),IC50 | ~4 uM,,,,nan,Highest completeness score within class/source subset,True,pdf,"Ovesen 等 - 2011 - Biomedicine in the environment Sorption of the cyclotide kalata B2 to montmorillonite, goethite, an.pdf",3,BGM-011__Cyclotide.txt,"Ovesen 等 - 2011 - Biomedicine in the environment Sorption of the cyclotide kalata B2 to montmorillonite, goethite, an.pdf",True,READY,PENDING,True,,,,,,,,,,,,,,,,,,,,,,
BGM-012,small_gold_benchmark_v1,SEED_NEEDS_MANUAL_REVIEW,Patent US10357537,2019.0,Univ Wien Med et al.,Natural Immunosuppressive Cyclotide,Kalata B1 (Wild Type),Oldenlandia affinis,P58454,GLPVCGETCVGGTCNTPGCTCSWPVCTRN,0,Cyclotide,Prototypic Mobius cyclotide; Natural extraction or synthetic; SEQ ID NO: 1; Circular backbone,1NB1,NMR,,IL2RA (CD25),Homo sapiens,P01589,Antagonist,IC50,~4,uM,,,~2.9,Plant/Synthetic,Soluble,>100,Stable,Trypsin,Stable,Resistance,CyclicPepedia_Formatted;Knottin_DB;Literature;Patent,CyclicPepedia_Cyclotides_AutoFormatted.xlsx;Knottin_Formatted.xlsx;cyclotide-专利.xlsx;cyclotide.xlsx;综述.xlsx,Original_Integrated,,10.0,Patent,Cyclotide,GLPVCGETCVGGTCNTPGCTCSWPVCTRN,IL2RA (CD25),IC50 | ~4 uM,,,,nan,Highest completeness score within class/source subset,True,patent_txt,012-967-666-422-820.txt,8,BGM-012__Cyclotide.txt,################################################################# #                          专利文献详情 #################################################################  基本信息 ------------------------------------------------,True,READY,PENDING,True,,,,,,,,,,,,,,,,,,,,,,
BGM-013,small_gold_benchmark_v1,SEED_NEEDS_MANUAL_REVIEW,J. Mol. Biol.,2001.0,Barzik et al.,Class II EVH1 Scaffold (Homer/Vesl),mVesl EVH1 (Homer-2b),Mus musculus,Q9QWW1,RESIDUES1111,0,EVH1,"Class II EVH1; N-terminal domain; Trimer in crystal packing but monomer in solution; [cite_start]Binds PPxxF [cite: 797, 801, 824]",1i7a,X-ray Crystallography,2.2,Grm5 (mGluR5),Mus musculus,Q3UVX5,Binder,Relative Binding,100,%,7.6,25,~13,E. coli,Soluble,,,Protease,High,Qualitative,Literature,EVH1 domain.xlsx,Original_Integrated,,10.0,Literature,EVH1,RESIDUES1111,Grm5 (mGluR5),Relative Binding | 100 %,,,,nan,Highest completeness score within class/source subset,True,pdf,Barzik 等 - 2000 - Crystallization and preliminary X-ray analysis of the EVH1 domain of vesl-2b..pdf,3,BGM-013__EVH1.txt,Barzik 等 - 2000 - Crystallization and preliminary X-ray analysis of the EVH1 domain of vesl-2b..pdf,True,READY,PENDING,True,,,,,,,,,,,,,,,,,,,,,,
BGM-014,small_gold_benchmark_v1,SEED_NEEDS_MANUAL_REVIEW,Patent,2005.0,Worley et al.,"Source: US 6,864,083 (Doc 028/057)",Homer 1a,Rattus norvegicus,Q9Z214,SEQIDNO:63(RAT);SEQIDNO:2(HUMAN),1,EVH1,IEG form; Lacks coiled-coil; Binds PPXXF; Crystal structure solved,1DDV (Implied),X-ray Crystallography,~1.7,mGluR1/5,Mammalian,P31424,Receptor Clustering,Kd,~600,uM,,,~13,E. coli,Soluble,,,Thrombin,,Cleavage,Patent,evh1domain.xlsx,Original_Integrated,,10.0,Patent,EVH1,SEQIDNO:63(RAT);SEQIDNO:2(HUMAN),mGluR1/5,Kd | ~600 uM,,,,nan,Highest completeness score within class/source subset,True,patent_txt,016-292-596-598-275.txt,7,BGM-014__EVH1.txt,################################################################# #                          专利文献详情 #################################################################  基本信息 ------------------------------------------------,True,READY,PENDING,True,,,,,,,,,,,,,,,,,,,,,,
BGM-015,small_gold_benchmark_v1,SEED_NEEDS_MANUAL_REVIEW,J. Biol. Chem.,2016.0,Griffiths et al.,i-body (AD-114),AD-114,Artificial (Human NCAM1 scaffold),,NCAM1SCAFFOLDWITHCDR1(POS28/30)ANDCDR3(POS8090)MUTATIONS.(SEEJBC2016FIG1),1,i-body,CXCR4 antagonist; Binds deep in pocket; Anti-fibrotic,,Phage Display,,CXCR4,Homo sapiens,P61073,Antagonist,KD,5.5,nM,7.4,25,~12,E. coli,Soluble,>80,Short (Monomer),,,,Literature,I-body.xlsx,Original_Integrated,,9.0,Literature,i-body,NCAM1SCAFFOLDWITHCDR1(POS28/30)ANDCDR3(POS8090)MUTATIONS.(SEEJBC2016FIG1),CXCR4,KD | 5.5 nM,,,,nan,Highest completeness score within class/source subset,True,abstract_txt,pubmed-I-body-set.txt#chunk1,5,BGM-015__i-body.txt,PMID- 39174515 OWN - NLM STAT- MEDLINE DCOM- 20240822 LR  - 20241003 IS  - 2041-1723 (Electronic) IS  - 2041-1723 (Linking) VI  - 15 IP  - 1 DP  - 2024 Aug 22 TI  - A broadly cross-reactive i-body to AMA1 potently inhibi,True,READY,PENDING,True,,,,,,,,,,,,,,,,,,,,,,
BGM-016,small_gold_benchmark_v1,SEED_NEEDS_MANUAL_REVIEW,Cureus,2014.0,Ackerman et al.,Engineered Integrin Binder (2.5F),EETI 2.5F,Artificial (Ecballium elaterium),,GCPRPRGDNPPLTCSQDSDCLAGCVCGPNGFCG,1,Knottin,Engineered Knottin; Trypsin loop replaced by RGD (11aa); High affinity Integrin binder,2IT7 (Scaffold),Flow Cytometry,,ITGAV/ITGB3,Homo sapiens,P06756/P05106,Antagonist,IC50,6.9,nM,7.4,4,~3.5,Yeast/E.coli,Soluble,>95,~3.5,,,,Literature;SYNBIP_Formatted,Knottin.xlsx;knottin.xlsx,Original_Integrated,,10.0,Literature,Knottin,GCPRPRGDNPPLTCSQDSDCLAGCVCGPNGFCG,ITGAV/ITGB3,IC50 | 6.9 nM,,,,nan,Highest completeness score within class/source subset,True,abstract_txt,abstract-knottin-set.txt#chunk118,3,BGM-016__Knottin.txt,PLoS Comput Biol. 2009 Sep;5(9):e1000499. doi: 10.1371/journal.pcbi.1000499.  Epub 2009 Sep 4.  Interrogating and predicting tolerated sequence diversity in protein folds:  application to E. elaterium trypsin inhibitor-I,True,READY,PENDING,True,,,,,,,,,,,,,,,,,,,,,,
BGM-017,small_gold_benchmark_v1,SEED_NEEDS_MANUAL_REVIEW,Patent US11932673,2024.0,Maxion Therapeutics Ltd et al.,Nav1.7 Blocker,ProTx-II,Thrixopelma pruriens,P83476,YCQKWMWTCDSERKCCEGMVCRLWCKKKLW,0,Knottin,Natural Spider Toxin; Potent Nav1.7 inhibitor,2N9T,NMR,,SCN9A,Homo sapiens,Q15858,Inhibitor,IC50,<1,nM,7.4,25,~3.8,Natural,Soluble,High,,Trypsin,Resistant,,External_PDB_UniProt;Knottin_DB;Patent,Knottin_Formatted.xlsx;Knottin_retrieved.xlsx;knottin-专利.xlsx,Original_Integrated,,10.0,Patent,Knottin,YCQKWMWTCDSERKCCEGMVCRLWCKKKLW,SCN9A,IC50 | <1 nM,,,,nan,Highest completeness score within class/source subset,True,patent_txt,089-854-230-115-822.txt,5,BGM-017__Knottin.txt,################################################################# #                          专利文献详情 #################################################################  基本信息 ------------------------------------------------,True,READY,PENDING,True,,,,,,,,,,,,,,,,,,,,,,
BGM-018,small_gold_benchmark_v1,SEED_NEEDS_MANUAL_REVIEW,J. Biol. Chem.,2019.0,Cohen et al.,Ultra-stable Mesotrypsin Inhibitor,APPI-M17C/I18F/F34C,Artificial (Human derived),P05067 (Parent),YVDYKDDDDKEFEVCSEQAETGPCRACFSRWYFDVTEGKCAPFCYGGCGGNRNNFDTEEYCMAVCGSAIPRHHHHHHAAA,1,Kunitz,"Disulfide engineered (C17-C34) for stability [Original Class: Protease Inhibitor]; [Original: [MUTATIONS]:M17C,I18F,F34C] [Resolved via PDB 6HAR Chain B/Short: Contains N-term Tag]",6HAR,X-ray,1.5,PRSS3,Homo sapiens,P35030,Competitive Inhibitor,Ki,61,pM,8.0,37,~6,Yeast,Soluble,,10.6,Mesotrypsin,250-fold,Stability,Literature,kunitz.xlsx,Original_Integrated,Resolved_By_PDB_Force,10.0,Literature,Kunitz,YVDYKDDDDKEFEVCSEQAETGPCRACFSRWYFDVTEGKCAPFCYGGCGGNRNNFDTEEYCMAVCGSAIPRHHHHHHAAA,PRSS3,Ki | 61 pM,,,,nan,Highest completeness score within class/source subset,True,abstract_txt,abstract-kunitz-set.txt#chunk2917,2,BGM-018__Kunitz.txt,"J Biol Chem. 2018 Aug 17;293(33):12663-12680. doi: 10.1074/jbc.RA117.000871.  Epub 2018 Jun 22.  A potent, proteolysis-resistant inhibitor of kallikrein-related peptidase 6  (KLK6) for cancer therapy, developed by combin",True,READY,PENDING,True,,,,,,,,,,,,,,,,,,,,,,
BGM-019,small_gold_benchmark_v1,SEED_NEEDS_MANUAL_REVIEW,Patent,2009.0,Adelman et al.,"[Source 477, 484]",DX-88 (Ecallantide),Artificial (LACI-K1),,EAMHSFCAFKADDGPCRAAHPRWFFNIFTRQCEEFIYGGCEGNQNRFESLEECKKMCTRD,1,Kunitz,Kallikrein inhibitor; HAE,,Phage Display,,Plasma Kallikrein,Human,P03952,Competitive,Ki,30,pM,7.5,30C,~7,Pichia pastoris,Soluble,,,,,,Patent;SYNBIP_Formatted,Kunitz.xlsx;kunitz-专利.xlsx,Original_Integrated,,9.0,Patent,Kunitz,EAMHSFCAFKADDGPCRAAHPRWFFNIFTRQCEEFIYGGCEGNQNRFESLEECKKMCTRD,Plasma Kallikrein,Ki | 30 pM,,,,nan,Highest completeness score within class/source subset,True,patent_txt,040-145-165-020-199.txt,9,BGM-019__Kunitz.txt,################################################################# #                          专利文献详情 #################################################################  基本信息 ------------------------------------------------,True,READY,PENDING,True,,,,,,,,,,,,,,,,,,,,,,
BGM-020,small_gold_benchmark_v1,SEED_NEEDS_MANUAL_REVIEW,Plos One,2014.0,Steemson Jd et al.,1st Gen Binder,AM1L10,P. aerophilum,NP_558783.1 (Scaffold),VYPKKTHWTAEITPNLHGTEVVVAGWVWELRDGRVKFVVVRDREGGAFVQVTLKAGKTPHLFKVFAELSREDVVVIKGIVEASKIYKSGVEIFPSEIWILNKAAMHKPLPID,1,Obody,Round 1 Hit; A56Y introduces H-bond,4GN3,X-ray,1.95,Lysozyme C (HEL),G. gallus,P00698,Binder / Inhibitor,KD,4.6,uM,7.4,25,~12.3,E. coli,Soluble,80.8,,Trypsin,,Elution,Literature,obody.xlsx,Original_Integrated,,10.0,Literature,Obody,VYPKKTHWTAEITPNLHGTEVVVAGWVWELRDGRVKFVVVRDREGGAFVQVTLKAGKTPHLFKVFAELSREDVVVIKGIVEASKIYKSGVEIFPSEIWILNKAAMHKPLPID,Lysozyme C (HEL),KD | 4.6 uM,,,,nan,Highest completeness score within class/source subset,True,pdf,Steemson等2014TrackingmolecularrecognitionattheatomiclevelwithanewproteinscaffoldbasedontheOBfold..pdf,2,BGM-020__Obody.txt,Steemson等2014TrackingmolecularrecognitionattheatomiclevelwithanewproteinscaffoldbasedontheOBfold..pdf,True,READY,PENDING,True,,,,,,,,,,,,,,,,,,,,,,
BGM-021,small_gold_benchmark_v1,SEED_NEEDS_MANUAL_REVIEW,,2008.0,Mouratou . (Wo2008068637) et al.,PulD-N binding Nanofitin (Sac7d),Sac7d-Clone33,Sulfolobus acidocaldarius,P13123,SEQIDNO:3(SEEFIG8INPATENT),1,Obody,High affinity & high thermal stability,,Ribosome Display,,pulD,Klebsiella oxytoca,Q48473,Inhibits secretion & multimerization,KD,0.19,nM,7.0,25,11.5,E. coli,Soluble,79.2,,,,,Patent,Obody-专利.xlsx,Original_Integrated,,9.0,Patent,Obody,SEQIDNO:3(SEEFIG8INPATENT),pulD,KD | 0.19 nM,,,,nan,Highest completeness score within class/source subset,True,patent_txt,005-915-707-836-416.txt,1,BGM-021__Obody.txt,################################################################# #                          专利文献详情 #################################################################  基本信息 ------------------------------------------------,True,READY,PENDING,True,,,,,,,,,,,,,,,,,,,,,,
BGM-022,small_gold_benchmark_v1,SEED_NEEDS_MANUAL_REVIEW,J. Biol. Chem.,2011.0,Qin et al.,Unmodified H3 Reader,BRPF2 PHD1,Homo sapiens,Q9NPI1,C4HC3MOTIF,0,PHD finger,Specific for H3K4me0,"2KU3, 2L43",NMR,,H3 (H3C1),Homo sapiens,P68431,Binder,Kd,190,uM,6.7,20,,E. coli,Soluble,,,,,,Literature,phdfingerdomain.xlsx,Original_Integrated,,9.0,Literature,PHD finger,C4HC3MOTIF,H3 (H3C1),Kd | 190 uM,,,,nan,Highest completeness score within class/source subset,True,pdf,Avgousti 等 - 2013 - The conserved PHD1-PHD2 domain of ZFP-1AF10 is a discrete functional module essential for viability.pdf,1,BGM-022__PHD finger.txt,Avgousti 等 - 2013 - The conserved PHD1-PHD2 domain of ZFP-1AF10 is a discrete functional module essential for viability.pdf,True,READY,PENDING,True,,,,,,,,,,,,,,,,,,,,,,
BGM-023,small_gold_benchmark_v1,SEED_NEEDS_MANUAL_REVIEW,Patent US20230391730,2023.0,Univ Minnesota et al.,Human BPTF Bromodomain/PHD Target (Affinity is to Inhibitor BZ1),BPTF Bromodomain/PHD,Homo sapiens,Q99941,"[SEEPDB:7K6R];CONTAINSACIDICTRIAD(D2957,D2960)",0,PHD finger,NURF subunit; Target for cancer therapy; Contains Bromodomain & 2 PHD fingers,"7K6R, 7RWP",X-ray,1.58,H4 / H3,Homo sapiens,P62805,Chromatin Remodeler,Kd,6.3,nM,7.4,,~180 (Full),E. coli,Soluble,,,,,,Patent,PHD finger domain-专利.xlsx,Original_Integrated,,10.0,Patent,PHD finger,"[SEEPDB:7K6R];CONTAINSACIDICTRIAD(D2957,D2960)",H4 / H3,Kd | 6.3 nM,,,,nan,Highest completeness score within class/source subset,True,patent_txt,011-153-651-745-177.txt,7,BGM-023__PHD finger.txt,################################################################# #                          专利文献详情 #################################################################  基本信息 ------------------------------------------------,True,READY,PENDING,True,,,,,,,,,,,,,,,,,,,,,,
